
DROP SCHEMA IF EXISTS `fintech_ws_test` ;
CREATE SCHEMA IF NOT EXISTS `fintech_ws_test` DEFAULT CHARACTER SET utf8 COLLATE utf8_general_ci ;


DROP SCHEMA IF EXISTS `fintech_ws` ;
CREATE SCHEMA IF NOT EXISTS `fintech_ws` DEFAULT CHARACTER SET utf8 COLLATE utf8_general_ci ;
USE `fintech_ws` ;

-- MySQL dump 10.13  Distrib 5.6.13, for Win32 (x86)
--
-- Host: localhost    Database: fintech_ws
-- ------------------------------------------------------
-- Server version	5.7.4-m14-log

/*!40101 SET @OLD_CHARACTER_SET_CLIENT=@@CHARACTER_SET_CLIENT */;
/*!40101 SET @OLD_CHARACTER_SET_RESULTS=@@CHARACTER_SET_RESULTS */;
/*!40101 SET @OLD_COLLATION_CONNECTION=@@COLLATION_CONNECTION */;
/*!40101 SET NAMES utf8 */;
/*!40103 SET @OLD_TIME_ZONE=@@TIME_ZONE */;
/*!40103 SET TIME_ZONE='+00:00' */;
/*!40014 SET @OLD_UNIQUE_CHECKS=@@UNIQUE_CHECKS, UNIQUE_CHECKS=0 */;
/*!40014 SET @OLD_FOREIGN_KEY_CHECKS=@@FOREIGN_KEY_CHECKS, FOREIGN_KEY_CHECKS=0 */;
/*!40101 SET @OLD_SQL_MODE=@@SQL_MODE, SQL_MODE='NO_AUTO_VALUE_ON_ZERO' */;
/*!40111 SET @OLD_SQL_NOTES=@@SQL_NOTES, SQL_NOTES=0 */;

--
-- Table structure for table `account`
--

DROP TABLE IF EXISTS `account`;
/*!40101 SET @saved_cs_client     = @@character_set_client */;
/*!40101 SET character_set_client = utf8 */;
CREATE TABLE `account` (
  `account_id` int(10) unsigned NOT NULL AUTO_INCREMENT,
  `account_name` varchar(64) NOT NULL,
  `email` varchar(64) NOT NULL,
  `additional_info` varchar(512) DEFAULT NULL,
  `password` varchar(128) NOT NULL,
  `creation_date` varchar(64) DEFAULT NULL,
  `image` mediumblob,
  `enabled` tinyint(1) NOT NULL DEFAULT '1',
  `expired` bit(1) NOT NULL,
  PRIMARY KEY (`account_id`),
  UNIQUE KEY `account_Id_UNIQUE` (`account_id`),
  UNIQUE KEY `email_UNIQUE` (`email`)
) ENGINE=InnoDB AUTO_INCREMENT=4 DEFAULT CHARSET=utf8;
/*!40101 SET character_set_client = @saved_cs_client */;

--
-- Dumping data for table `account`
--

LOCK TABLES `account` WRITE;
/*!40000 ALTER TABLE `account` DISABLE KEYS */;
INSERT INTO `account` VALUES (1,'QuantResearch','quant@account.com','live in Spb ','quant',NULL,NULL,1,'\0'),(2,'FinBackTesting','fbt@account.com','live in Moscow ','fbt',NULL,NULL,1,'\0'),(3,'mkyong','mkyong@account.com','live in Moscow  2','123456',NULL,NULL,1,'\0');
/*!40000 ALTER TABLE `account` ENABLE KEYS */;
UNLOCK TABLES;

--
-- Table structure for table `account_roles`
--

DROP TABLE IF EXISTS `account_roles`;
/*!40101 SET @saved_cs_client     = @@character_set_client */;
/*!40101 SET character_set_client = utf8 */;
CREATE TABLE `account_roles` (
  `account_id` int(11) NOT NULL,
  `role` varchar(255) NOT NULL,
  PRIMARY KEY (`account_id`,`role`),
  KEY `FK3ofy9jqlcrlhde0mvxrprc9fm` (`role`)
) ENGINE=MyISAM DEFAULT CHARSET=utf8;
/*!40101 SET character_set_client = @saved_cs_client */;

--
-- Dumping data for table `account_roles`
--

LOCK TABLES `account_roles` WRITE;
/*!40000 ALTER TABLE `account_roles` DISABLE KEYS */;
/*!40000 ALTER TABLE `account_roles` ENABLE KEYS */;
UNLOCK TABLES;

--
-- Table structure for table `app_role`
--

DROP TABLE IF EXISTS `app_role`;
/*!40101 SET @saved_cs_client     = @@character_set_client */;
/*!40101 SET character_set_client = utf8 */;
CREATE TABLE `app_role` (
  `code` varchar(255) NOT NULL,
  `name` varchar(255) DEFAULT NULL,
  PRIMARY KEY (`code`)
) ENGINE=MyISAM DEFAULT CHARSET=utf8;
/*!40101 SET character_set_client = @saved_cs_client */;

--
-- Dumping data for table `app_role`
--

LOCK TABLES `app_role` WRITE;
/*!40000 ALTER TABLE `app_role` DISABLE KEYS */;
/*!40000 ALTER TABLE `app_role` ENABLE KEYS */;
UNLOCK TABLES;

--
-- Table structure for table `basemodel`
--

DROP TABLE IF EXISTS `basemodel`;
/*!40101 SET @saved_cs_client     = @@character_set_client */;
/*!40101 SET character_set_client = utf8 */;
CREATE TABLE `basemodel` (
  `id` bigint(20) NOT NULL,
  `code` varchar(255) DEFAULT NULL,
  `name` varchar(255) DEFAULT NULL,
  PRIMARY KEY (`id`),
  UNIQUE KEY `UK_1be013xxuyu9l68nrwcyj8cfd` (`code`)
) ENGINE=MyISAM DEFAULT CHARSET=utf8;
/*!40101 SET character_set_client = @saved_cs_client */;

--
-- Dumping data for table `basemodel`
--

LOCK TABLES `basemodel` WRITE;
/*!40000 ALTER TABLE `basemodel` DISABLE KEYS */;
/*!40000 ALTER TABLE `basemodel` ENABLE KEYS */;
UNLOCK TABLES;

--
-- Table structure for table `data_set`
--

DROP TABLE IF EXISTS `data_set`;
/*!40101 SET @saved_cs_client     = @@character_set_client */;
/*!40101 SET character_set_client = utf8 */;
CREATE TABLE `data_set` (
  `data_set_id` int(10) unsigned NOT NULL AUTO_INCREMENT,
  `account_fk_id` int(10) unsigned NOT NULL,
  `data_set_name` varchar(128) NOT NULL,
  `data_set_description` varchar(1024) DEFAULT NULL,
  `market_data_frequency` int(11) DEFAULT NULL,
  `data_providers` varchar(64) DEFAULT NULL,
  PRIMARY KEY (`data_set_id`,`account_fk_id`),
  KEY `fk_data-Set_Account1_idx` (`account_fk_id`),
  CONSTRAINT `FKjpvsipqhu5649j7mk9iw8jf0t` FOREIGN KEY (`account_fk_id`) REFERENCES `account` (`account_id`),
  CONSTRAINT `fk_data-Set_Account1` FOREIGN KEY (`account_fk_id`) REFERENCES `account` (`account_id`) ON DELETE CASCADE ON UPDATE CASCADE
) ENGINE=InnoDB AUTO_INCREMENT=112 DEFAULT CHARSET=utf8;
/*!40101 SET character_set_client = @saved_cs_client */;

--
-- Dumping data for table `data_set`
--

LOCK TABLES `data_set` WRITE;
/*!40000 ALTER TABLE `data_set` DISABLE KEYS */;
INSERT INTO `data_set` VALUES (1,1,'test-aapl-5minBar-preMarketdata','just find some old data and decided to test insert it ',5,'1'),(1,2,'test-aapl-5minBar-preMarketdata','just find some old data and decided to test insert it ',5,'1'),(2,1,'aapl-first15min-5minBar','just test ',5,'1'),(2,2,'aapl-first15min-5minBar','just test ',5,'1'),(3,1,'aapl-beforelunchData5mBar','just test',5,'1'),(3,2,'aapl-beforelunchData5mBar','just test',5,'1'),(14,1,'Test04','4 stocks less than day ',1,'1'),(15,1,'Test05','4 stocks less than day ',1,'1'),(16,1,'Test06','During the test it was revealed that 12700 rows of data was inserted during the time period of 7 min 34 sec ( time to download data from provider included ) so to download/upload 2 weeks sessions for the 500 stocks it will take  approx 24,5 hour ',1,'1'),(17,1,'Test07','time test ',1,'1'),(18,1,'Test07','time test ',1,'1'),(19,1,'Test07','time test ',1,'1'),(111,2,'Test077','time test 22',1,'1');
/*!40000 ALTER TABLE `data_set` ENABLE KEYS */;
UNLOCK TABLES;

--
-- Table structure for table `hibernate_sequence`
--

DROP TABLE IF EXISTS `hibernate_sequence`;
/*!40101 SET @saved_cs_client     = @@character_set_client */;
/*!40101 SET character_set_client = utf8 */;
CREATE TABLE `hibernate_sequence` (
  `next_val` bigint(20) DEFAULT NULL
) ENGINE=MyISAM DEFAULT CHARSET=utf8;
/*!40101 SET character_set_client = @saved_cs_client */;

--
-- Dumping data for table `hibernate_sequence`
--

LOCK TABLES `hibernate_sequence` WRITE;
/*!40000 ALTER TABLE `hibernate_sequence` DISABLE KEYS */;
INSERT INTO `hibernate_sequence` VALUES (1),(1);
/*!40000 ALTER TABLE `hibernate_sequence` ENABLE KEYS */;
UNLOCK TABLES;

--
-- Table structure for table `market_data`
--

DROP TABLE IF EXISTS `market_data`;
/*!40101 SET @saved_cs_client     = @@character_set_client */;
/*!40101 SET character_set_client = utf8 */;
CREATE TABLE `market_data` (
  `md_id` int(10) unsigned NOT NULL AUTO_INCREMENT,
  `instId_fk` varchar(16) NOT NULL,
  `ticker` varchar(16) NOT NULL,
  `date` datetime(4) NOT NULL,
  `open` float NOT NULL,
  `high` float NOT NULL,
  `low` float NOT NULL,
  `close` float NOT NULL,
  `vol` int(11) NOT NULL,
  `additional_info` varchar(512) DEFAULT 'na',
  PRIMARY KEY (`md_id`,`instId_fk`),
  KEY `instId_fk_idx` (`instId_fk`),
  CONSTRAINT `instId_fk` FOREIGN KEY (`instId_fk`) REFERENCES `wl_tickers` (`instId`) ON DELETE CASCADE ON UPDATE CASCADE
) ENGINE=InnoDB AUTO_INCREMENT=784 DEFAULT CHARSET=utf8;
/*!40101 SET character_set_client = @saved_cs_client */;

--
-- Dumping data for table `market_data`
--

LOCK TABLES `market_data` WRITE;
/*!40000 ALTER TABLE `market_data` DISABLE KEYS */;
INSERT INTO `market_data` VALUES (1,'AAAP@NASDAQ','AAAP','2017-05-18 09:30:00.0000',36.1,36.1,36.1,36.1,774,'NULL'),(1,'AAL@NASDAQ','AAL','2017-05-18 09:30:00.0000',44.47,44.47,44.4,44.4,99842,'NULL'),(1,'AAME@NASDAQ','AAME','2017-05-18 09:42:00.0000',3.7,3.7,3.7,3.7,415,'NULL'),(1,'AAOI@NASDAQ','AAOI','2017-05-18 09:30:00.0000',60.21,60.21,60.06,60.06,48803,'NULL'),(1,'AAON@NASDAQ','AAON','2017-05-18 09:30:00.0000',36,36,35.5,35.5,1807,'NULL'),(1,'AAPC@NASDAQ','AAPC','2017-05-18 09:30:00.0000',10.59,10.59,10.59,10.59,25,'NULL'),(1,'AAPL@NASDAQ','AAPL','2010-10-11 09:30:00.0000',294.74,296.25,294.74,295.71,1024460,'NULL'),(1,'AAWW@NASDAQ','AAWW','2017-05-18 09:30:00.0000',46.1,46.1,46.1,46.1,3616,'NULL'),(1,'AAXJ@NASDAQ','AAXJ','2017-05-18 09:30:00.0000',64.94,64.94,64.94,64.94,6326,'NULL'),(1,'AAXN@NASDAQ','AAXN','2017-05-18 09:30:00.0000',24.5,24.5,24.5,24.5,16656,'NULL'),(1,'ABAC@NASDAQ','ABAC','2017-05-18 09:30:00.0000',1.8,1.8,1.8,1.8,109,'NULL'),(1,'ABAX@NASDAQ','ABAX','2017-05-18 09:30:00.0000',46.42,46.76,46.42,46.76,804,'NULL'),(1,'ABCB@NASDAQ','ABCB','2017-05-18 09:30:00.0000',43.5,43.5,43.5,43.5,905,'NULL'),(1,'ABCD@NASDAQ','ABCD','2017-05-18 09:50:00.0000',4.9157,4.99,4.9157,4.99,300,'NULL'),(1,'ABCO@NASDAQ','ABCO','2017-05-18 09:30:00.0000',50.95,50.95,50.95,50.95,1012,'NULL'),(1,'ABDC@NASDAQ','ABDC','2017-05-18 09:30:00.0000',13.5,13.5,13.5,13.5,3473,'NULL'),(1,'ABEO@NASDAQ','ABEO','2017-05-18 09:30:00.0000',6.05,6.05,6.05,6.05,7130,'NULL'),(1,'ABIL@NASDAQ','ABIL','2017-05-18 09:30:00.0000',0.7,0.7,0.7,0.7,501,'NULL'),(1,'ABIO@NASDAQ','ABIO','2017-05-18 09:31:00.0000',2.4,2.4,2.4,2.4,300,'NULL'),(1,'ABMD@NASDAQ','ABMD','2017-05-18 09:30:00.0000',129.96,129.96,129.96,129.96,3938,'NULL'),(1,'ABTL@NASDAQ','ABTL','2017-05-18 09:30:00.0000',12.91,12.91,12.91,12.91,1110,'NULL'),(1,'ABTX@NASDAQ','ABTX','2017-05-18 09:30:00.0000',38,38,38,38,502,'NULL'),(1,'ABUS@NASDAQ','ABUS','2017-05-18 09:30:00.0000',3.4,3.4,3.4,3.4,1452,'NULL'),(1,'ABY@NASDAQ','ABY','2017-05-18 09:30:00.0000',20.03,20.03,20.03,20.03,1300,'NULL'),(1,'ACAD@NASDAQ','ACAD','2017-05-18 09:30:00.0000',27.16,27.16,27.16,27.16,6972,'NULL'),(1,'ACBI@NASDAQ','ACBI','2017-05-18 09:30:00.0000',18.6,18.6,18.6,18.6,100,'NULL'),(1,'ACET@NASDAQ','ACET','2017-05-18 09:30:00.0000',14,14,14,14,2544,'NULL'),(1,'ACFC@NASDAQ','ACFC','2017-05-18 09:30:00.0000',7.75,7.75,7.75,7.75,185,'NULL'),(1,'ACGL@NASDAQ','ACGL','2017-05-18 09:30:00.0000',94.08,94.08,94.08,94.08,1509,'NULL'),(1,'ACGLP@NASDAQ','ACGLP','2017-05-18 09:30:00.0000',23.8,23.8,23.8,23.8,2909,'NULL'),(1,'ACHC@NASDAQ','ACHC','2017-05-18 09:30:00.0000',42.49,42.49,42.49,42.49,2417,'NULL'),(1,'ACHN@NASDAQ','ACHN','2017-05-18 09:30:00.0000',3.97,3.98,3.97,3.97,57831,'NULL'),(1,'ACIA@NASDAQ','ACIA','2017-05-18 09:30:00.0000',44.56,44.75,44.56,44.75,5628,'NULL'),(1,'ACIU@NASDAQ','ACIU','2017-05-18 09:30:00.0000',8.9,8.9,8.9,8.9,1515,'NULL'),(1,'ACIW@NASDAQ','ACIW','2017-05-18 09:30:00.0000',22.03,22.03,22.03,22.03,3250,'NULL'),(1,'ACLS@NASDAQ','ACLS','2017-05-18 09:30:00.0000',20.75,20.75,20.75,20.75,2103,'NULL'),(1,'BAC@NYSE','BAC','2017-05-19 09:30:00.0000',22.91,22.94,22.9,22.91,7884,'NULL'),(1,'C@NYSE','C','2017-05-19 09:30:00.0000',60.39,60.41,60.39,60.41,700,'NULL'),(1,'MS@NYSE','MS','2017-05-19 09:30:00.0000',41.58,41.61,41.58,41.59,700,'NULL'),(2,'AAAP@NASDAQ','AAAP','2017-05-18 09:31:00.0000',36.22,36.22,36.18,36.18,300,'NULL'),(2,'AAL@NASDAQ','AAL','2017-05-18 09:31:00.0000',44.58,44.615,44.38,44.43,30671,'NULL'),(2,'AAME@NASDAQ','AAME','2017-05-18 09:43:00.0000',3.7,3.7,3.7,3.7,109,'NULL'),(2,'AAOI@NASDAQ','AAOI','2017-05-18 09:31:00.0000',58.98,60.36,58.96,60.06,86932,'NULL'),(2,'AAON@NASDAQ','AAON','2017-05-18 09:31:00.0000',35.9,35.9,35.9,35.9,100,'NULL'),(2,'AAPL@NASDAQ','AAPL','2010-10-11 09:05:00.0000',294.81,294.9,294.8,294.85,7441,'NULL'),(2,'AAWW@NASDAQ','AAWW','2017-05-18 09:31:00.0000',46.1,46.1,46.1,46.1,100,'NULL'),(2,'AAXJ@NASDAQ','AAXJ','2017-05-18 09:31:00.0000',64.89,65.14,64.83,65.01,10017,'NULL'),(2,'AAXN@NASDAQ','AAXN','2017-05-18 09:31:00.0000',24.55,24.55,24.5,24.51,11499,'NULL'),(2,'ABAC@NASDAQ','ABAC','2017-05-18 09:31:00.0000',1.8,1.8063,1.8,1.8063,625,'NULL'),(2,'ABAX@NASDAQ','ABAX','2017-05-18 09:31:00.0000',46.42,46.55,46.42,46.55,200,'NULL'),(2,'ABCB@NASDAQ','ABCB','2017-05-18 09:31:00.0000',43.05,43.05,43.05,43.05,100,'NULL'),(2,'ABCD@NASDAQ','ABCD','2017-05-18 09:51:00.0000',4.98,4.98,4.97,4.97,700,'NULL'),(2,'ABCO@NASDAQ','ABCO','2017-05-18 09:31:00.0000',50.775,50.85,50.775,50.85,1800,'NULL'),(2,'ABDC@NASDAQ','ABDC','2017-05-18 09:31:00.0000',13.5,13.5,13.5,13.5,1200,'NULL'),(2,'ABEO@NASDAQ','ABEO','2017-05-18 09:31:00.0000',5.9,6,5.9,5.975,1150,'NULL'),(2,'ABIL@NASDAQ','ABIL','2017-05-18 09:31:00.0000',0.7,0.7,0.7,0.7,2833,'NULL'),(2,'ABIO@NASDAQ','ABIO','2017-05-18 09:32:00.0000',2.4,2.405,2.4,2.405,240,'NULL'),(2,'ABMD@NASDAQ','ABMD','2017-05-18 09:31:00.0000',130.01,130.08,129.89,129.89,300,'NULL'),(2,'ABTL@NASDAQ','ABTL','2017-05-18 09:31:00.0000',13.0661,13.0661,13.0661,13.0661,100,'NULL'),(2,'ABTX@NASDAQ','ABTX','2017-05-18 09:31:00.0000',38,38,38,38,400,'NULL'),(2,'ABUS@NASDAQ','ABUS','2017-05-18 09:31:00.0000',3.39,3.39,3.39,3.39,2000,'NULL'),(2,'ABY@NASDAQ','ABY','2017-05-18 09:31:00.0000',19.8596,20.0365,19.8596,20.0365,250,'NULL'),(2,'ACAD@NASDAQ','ACAD','2017-05-18 09:31:00.0000',27.07,27.1,27.07,27.1,700,'NULL'),(2,'ACBI@NASDAQ','ACBI','2017-05-18 09:31:00.0000',18.9,18.9,18.75,18.75,500,'NULL'),(2,'ACET@NASDAQ','ACET','2017-05-18 09:31:00.0000',13.9744,13.9744,13.86,13.96,1375,'NULL'),(2,'ACFC@NASDAQ','ACFC','2017-05-18 09:31:00.0000',7.7496,7.7496,7.7496,7.7496,166,'NULL'),(2,'ACGL@NASDAQ','ACGL','2017-05-18 09:31:00.0000',94.2,94.2,94.16,94.16,218,'NULL'),(2,'ACGLP@NASDAQ','ACGLP','2017-05-18 09:31:00.0000',23.8,23.8,23.8,23.8,330,'NULL'),(2,'ACHC@NASDAQ','ACHC','2017-05-18 09:31:00.0000',42.54,42.54,42.54,42.54,100,'NULL'),(2,'ACHN@NASDAQ','ACHN','2017-05-18 09:31:00.0000',3.9601,3.97,3.96,3.97,13690,'NULL'),(2,'ACIA@NASDAQ','ACIA','2017-05-18 09:31:00.0000',44.75,44.8604,44.5,44.51,2910,'NULL'),(2,'ACIU@NASDAQ','ACIU','2017-05-18 09:31:00.0000',8.93,8.93,8.9,8.9,1047,'NULL'),(2,'ACIW@NASDAQ','ACIW','2017-05-18 09:31:00.0000',22.34,22.34,21.48,21.81,2040,'NULL'),(2,'ACLS@NASDAQ','ACLS','2017-05-18 09:31:00.0000',21.2,21.2,20.705,20.705,600,'NULL'),(2,'BAC@NYSE','BAC','2017-05-19 09:31:00.0000',22.9599,22.96,22.87,22.9,4070518,'NULL'),(2,'C@NYSE','C','2017-05-19 09:31:00.0000',60.59,60.61,60.24,60.38,1169349,'NULL'),(2,'MS@NYSE','MS','2017-05-19 09:31:00.0000',41.51,41.62,41.36,41.58,658987,'NULL'),(3,'AAAP@NASDAQ','AAAP','2017-05-18 09:32:00.0000',36.18,36.22,36.18,36.22,200,'NULL'),(3,'AAL@NASDAQ','AAL','2017-05-18 09:32:00.0000',44.65,44.75,44.58,44.59,36846,'NULL'),(3,'AAME@NASDAQ','AAME','2017-05-19 12:19:00.0000',3.65,3.65,3.65,3.65,1000,'NULL'),(3,'AAOI@NASDAQ','AAOI','2017-05-18 09:32:00.0000',59.6487,59.89,58.96,58.98,52267,'NULL'),(3,'AAON@NASDAQ','AAON','2017-05-18 09:32:00.0000',35.575,35.65,35.575,35.65,200,'NULL'),(3,'AAPL@NASDAQ','AAPL','2010-10-11 09:10:00.0000',294.85,294.98,294.84,294.85,4268,'NULL'),(3,'AAWW@NASDAQ','AAWW','2017-05-18 09:32:00.0000',45.9,45.975,45.8,45.8,300,'NULL'),(3,'AAXJ@NASDAQ','AAXJ','2017-05-18 09:32:00.0000',64.82,64.86,64.8,64.8,9345,'NULL'),(3,'AAXN@NASDAQ','AAXN','2017-05-18 09:32:00.0000',24.4999,24.57,24.47,24.54,34806,'NULL'),(3,'ABAC@NASDAQ','ABAC','2017-05-18 09:32:00.0000',1.8011,1.81,1.8011,1.81,750,'NULL'),(3,'ABAX@NASDAQ','ABAX','2017-05-18 09:32:00.0000',46.5,46.5,46.5,46.5,400,'NULL'),(3,'ABCB@NASDAQ','ABCB','2017-05-18 09:32:00.0000',43.5,43.5,43.44,43.44,500,'NULL'),(3,'ABCD@NASDAQ','ABCD','2017-05-18 09:52:00.0000',4.97,4.97,4.97,4.97,200,'NULL'),(3,'ABCO@NASDAQ','ABCO','2017-05-18 09:32:00.0000',50.95,50.95,50.9,50.9,295,'NULL'),(3,'ABDC@NASDAQ','ABDC','2017-05-18 09:32:00.0000',13.5001,13.5001,13.5,13.5,1400,'NULL'),(3,'ABEO@NASDAQ','ABEO','2017-05-18 09:32:00.0000',5.95,5.95,5.9159,5.9159,582,'NULL'),(3,'ABIL@NASDAQ','ABIL','2017-05-18 09:32:00.0000',0.66,0.66,0.6554,0.6554,200,'NULL'),(3,'ABIO@NASDAQ','ABIO','2017-05-18 09:33:00.0000',2.45,2.45,2.4,2.4,1200,'NULL'),(3,'ABMD@NASDAQ','ABMD','2017-05-18 09:32:00.0000',129.8,130.42,129.8,130.42,200,'NULL'),(3,'ABTL@NASDAQ','ABTL','2017-05-18 09:32:00.0000',12.89,12.89,12.87,12.87,200,'NULL'),(3,'ABTX@NASDAQ','ABTX','2017-05-18 09:32:00.0000',38,38,37.9,37.9,400,'NULL'),(3,'ABUS@NASDAQ','ABUS','2017-05-18 09:32:00.0000',3.375,3.375,3.375,3.375,200,'NULL'),(3,'ABY@NASDAQ','ABY','2017-05-18 09:32:00.0000',20.09,20.09,20.09,20.09,100,'NULL'),(3,'ACAD@NASDAQ','ACAD','2017-05-18 09:32:00.0000',27.13,27.13,27.02,27.04,11877,'NULL'),(3,'ACBI@NASDAQ','ACBI','2017-05-18 09:32:00.0000',18.85,18.9,18.85,18.9,300,'NULL'),(3,'ACET@NASDAQ','ACET','2017-05-18 09:32:00.0000',13.995,13.995,13.995,13.995,100,'NULL'),(3,'ACFC@NASDAQ','ACFC','2017-05-18 09:32:00.0000',7.7,7.707,7.7,7.7,5488,'NULL'),(3,'ACGL@NASDAQ','ACGL','2017-05-18 09:32:00.0000',94.045,94.18,94.045,94.18,700,'NULL'),(3,'ACGLP@NASDAQ','ACGLP','2017-05-18 09:32:00.0000',23.78,23.78,23.78,23.78,100,'NULL'),(3,'ACHC@NASDAQ','ACHC','2017-05-18 09:32:00.0000',42.45,42.54,42.43,42.53,2559,'NULL'),(3,'ACHN@NASDAQ','ACHN','2017-05-18 09:32:00.0000',4.01,4.02,3.96,3.97,26180,'NULL'),(3,'ACIA@NASDAQ','ACIA','2017-05-18 09:32:00.0000',44.6,44.65,44.5,44.5527,7430,'NULL'),(3,'ACIU@NASDAQ','ACIU','2017-05-18 09:32:00.0000',8.87,8.9,8.87,8.9,2600,'NULL'),(3,'ACIW@NASDAQ','ACIW','2017-05-18 09:32:00.0000',21.91,21.98,21.91,21.98,1300,'NULL'),(3,'ACLS@NASDAQ','ACLS','2017-05-18 09:32:00.0000',20.8,20.85,20.8,20.85,400,'NULL'),(3,'BAC@NYSE','BAC','2017-05-19 09:32:00.0000',22.9808,22.99,22.95,22.96,287389,'NULL'),(3,'C@NYSE','C','2017-05-19 09:32:00.0000',60.7125,60.77,60.58,60.58,129731,'NULL'),(3,'MS@NYSE','MS','2017-05-19 09:32:00.0000',41.6492,41.67,41.52,41.52,19736,'NULL'),(4,'AAAP@NASDAQ','AAAP','2017-05-18 09:33:00.0000',36.18,36.18,36.18,36.18,100,'NULL'),(4,'AAL@NASDAQ','AAL','2017-05-18 09:33:00.0000',44.63,44.86,44.6,44.655,71153,'NULL'),(4,'AAME@NASDAQ','AAME','2017-05-19 12:20:00.0000',3.65,3.65,3.65,3.65,100,'NULL'),(4,'AAOI@NASDAQ','AAOI','2017-05-18 09:33:00.0000',60.1989,60.26,59.55,59.74,22038,'NULL'),(4,'AAON@NASDAQ','AAON','2017-05-18 09:33:00.0000',35.55,35.55,35.55,35.55,100,'NULL'),(4,'AAPL@NASDAQ','AAPL','2010-10-11 09:15:00.0000',294.83,294.83,294.75,294.83,4012,'NULL'),(4,'AAWW@NASDAQ','AAWW','2017-05-18 09:33:00.0000',45.825,46,45.825,45.975,4300,'NULL'),(4,'AAXJ@NASDAQ','AAXJ','2017-05-18 09:33:00.0000',64.88,64.9,64.85,64.85,1162,'NULL'),(4,'AAXN@NASDAQ','AAXN','2017-05-18 09:33:00.0000',24.32,24.41,24.31,24.41,1300,'NULL'),(4,'ABAC@NASDAQ','ABAC','2017-05-18 09:33:00.0000',1.8,1.8,1.8,1.8,180,'NULL'),(4,'ABAX@NASDAQ','ABAX','2017-05-18 09:33:00.0000',46.5,46.5,46.5,46.5,100,'NULL'),(4,'ABCB@NASDAQ','ABCB','2017-05-18 09:33:00.0000',43.8,43.8,43.7,43.7,400,'NULL'),(4,'ABCD@NASDAQ','ABCD','2017-05-18 09:53:00.0000',4.99,4.99,4.99,4.99,100,'NULL'),(4,'ABCO@NASDAQ','ABCO','2017-05-18 09:33:00.0000',50.925,51.05,50.85,51.05,1189,'NULL'),(4,'ABDC@NASDAQ','ABDC','2017-05-18 09:33:00.0000',13.5001,13.5001,13.5,13.5,900,'NULL'),(4,'ABEO@NASDAQ','ABEO','2017-05-18 09:33:00.0000',6,6,6,6,100,'NULL'),(4,'ABIL@NASDAQ','ABIL','2017-05-18 09:33:00.0000',0.6715,0.6715,0.6601,0.6601,300,'NULL'),(4,'ABIO@NASDAQ','ABIO','2017-05-18 09:34:00.0000',2.425,2.425,2.425,2.425,100,'NULL'),(4,'ABMD@NASDAQ','ABMD','2017-05-18 09:33:00.0000',130.56,130.56,130.56,130.56,100,'NULL'),(4,'ABTL@NASDAQ','ABTL','2017-05-18 09:33:00.0000',12.97,12.97,12.9,12.9,600,'NULL'),(4,'ABTX@NASDAQ','ABTX','2017-05-18 09:33:00.0000',37.8,37.8,37.8,37.8,200,'NULL'),(4,'ABUS@NASDAQ','ABUS','2017-05-18 09:33:00.0000',3.4,3.4,3.4,3.4,899,'NULL'),(4,'ABY@NASDAQ','ABY','2017-05-18 09:33:00.0000',19.98,19.98,19.98,19.98,100,'NULL'),(4,'ACAD@NASDAQ','ACAD','2017-05-18 09:33:00.0000',27.16,27.16,27.11,27.11,1300,'NULL'),(4,'ACBI@NASDAQ','ACBI','2017-05-18 09:33:00.0000',18.8,18.85,18.75,18.85,569,'NULL'),(4,'ACET@NASDAQ','ACET','2017-05-18 09:33:00.0000',14.1,14.11,14.05,14.05,1206,'NULL'),(4,'ACFC@NASDAQ','ACFC','2017-05-18 09:33:00.0000',7.71,7.71,7.71,7.71,100,'NULL'),(4,'ACGL@NASDAQ','ACGL','2017-05-18 09:33:00.0000',94.04,94.04,94.04,94.04,100,'NULL'),(4,'ACGLP@NASDAQ','ACGLP','2017-05-18 09:33:00.0000',23.78,23.78,23.7301,23.78,1200,'NULL'),(4,'ACHC@NASDAQ','ACHC','2017-05-18 09:33:00.0000',42.5,42.51,42.5,42.51,200,'NULL'),(4,'ACHN@NASDAQ','ACHN','2017-05-18 09:33:00.0000',4.0164,4.04,3.985,4.01,27133,'NULL'),(4,'ACIA@NASDAQ','ACIA','2017-05-18 09:33:00.0000',44.51,44.51,44.51,44.51,100,'NULL'),(4,'ACIU@NASDAQ','ACIU','2017-05-18 09:33:00.0000',8.8,8.8,8.8,8.8,267,'NULL'),(4,'ACIW@NASDAQ','ACIW','2017-05-18 09:33:00.0000',21.81,21.91,21.8,21.91,1870,'NULL'),(4,'ACLS@NASDAQ','ACLS','2017-05-18 09:33:00.0000',20.6,20.7705,20.6,20.7705,1300,'NULL'),(4,'BAC@NYSE','BAC','2017-05-19 09:33:00.0000',23.0093,23.01,22.95,22.97,392652,'NULL'),(4,'C@NYSE','C','2017-05-19 09:33:00.0000',60.73,60.75,60.65,60.7,58503,'NULL'),(4,'MS@NYSE','MS','2017-05-19 09:33:00.0000',41.69,41.695,41.5803,41.62,22652,'NULL'),(5,'AAAP@NASDAQ','AAAP','2017-05-18 09:34:00.0000',36.46,36.46,36.46,36.46,100,'NULL'),(5,'AAL@NASDAQ','AAL','2017-05-18 09:34:00.0000',44.71,44.7998,44.655,44.68,7538,'NULL'),(5,'AAME@NASDAQ','AAME','2017-05-19 12:21:00.0000',3.65,3.65,3.65,3.65,415,'NULL'),(5,'AAOI@NASDAQ','AAOI','2017-05-18 09:34:00.0000',60.58,60.58,60,60.068,10767,'NULL'),(5,'AAON@NASDAQ','AAON','2017-05-18 09:34:00.0000',35.55,35.55,35.55,35.55,100,'NULL'),(5,'AAPL@NASDAQ','AAPL','2010-10-11 09:20:00.0000',294.8,294.82,294.64,294.67,13081,'NULL'),(5,'AAWW@NASDAQ','AAWW','2017-05-18 09:34:00.0000',45.85,46,45.7,45.7,19120,'NULL'),(5,'AAXJ@NASDAQ','AAXJ','2017-05-18 09:34:00.0000',64.94,64.96,64.88,64.89,9246,'NULL'),(5,'AAXN@NASDAQ','AAXN','2017-05-18 09:34:00.0000',24.33,24.33,24.29,24.31,2284,'NULL'),(5,'ABAC@NASDAQ','ABAC','2017-05-18 09:34:00.0000',1.8001,1.8001,1.8,1.8,350,'NULL'),(5,'ABAX@NASDAQ','ABAX','2017-05-18 09:34:00.0000',46.47,46.5,46.47,46.485,500,'NULL'),(5,'ABCB@NASDAQ','ABCB','2017-05-18 09:34:00.0000',43.9,43.9,43.8,43.85,600,'NULL'),(5,'ABCD@NASDAQ','ABCD','2017-05-18 09:54:00.0000',4.96,4.96,4.96,4.96,100,'NULL'),(5,'ABCO@NASDAQ','ABCO','2017-05-18 09:34:00.0000',51.05,51.05,51,51,400,'NULL'),(5,'ABDC@NASDAQ','ABDC','2017-05-18 09:34:00.0000',13.537,13.537,13.537,13.537,1000,'NULL'),(5,'ABEO@NASDAQ','ABEO','2017-05-18 09:34:00.0000',5.9,5.9,5.9,5.9,100,'NULL'),(5,'ABIL@NASDAQ','ABIL','2017-05-18 09:34:00.0000',0.67,0.67,0.67,0.67,300,'NULL'),(5,'ABIO@NASDAQ','ABIO','2017-05-18 09:35:00.0000',2.419,2.419,2.419,2.419,500,'NULL'),(5,'ABMD@NASDAQ','ABMD','2017-05-18 09:34:00.0000',130.53,130.53,130.53,130.53,100,'NULL'),(5,'ABTL@NASDAQ','ABTL','2017-05-18 09:34:00.0000',13.07,13.07,13.07,13.07,100,'NULL'),(5,'ABTX@NASDAQ','ABTX','2017-05-18 09:34:00.0000',38,38,37.95,37.95,400,'NULL'),(5,'ABUS@NASDAQ','ABUS','2017-05-18 09:34:00.0000',3.425,3.425,3.4,3.4,400,'NULL'),(5,'ABY@NASDAQ','ABY','2017-05-18 09:34:00.0000',20.09,20.09,20.09,20.09,200,'NULL'),(5,'ACAD@NASDAQ','ACAD','2017-05-18 09:34:00.0000',27.1374,27.1374,27.1001,27.1001,1300,'NULL'),(5,'ACBI@NASDAQ','ACBI','2017-05-18 09:34:00.0000',18.7,18.7,18.7,18.7,100,'NULL'),(5,'ACET@NASDAQ','ACET','2017-05-18 09:34:00.0000',14.1,14.133,14.1,14.133,716,'NULL'),(5,'ACFC@NASDAQ','ACFC','2017-05-18 09:34:00.0000',7.7,7.71,7.7,7.7,400,'NULL'),(5,'ACGL@NASDAQ','ACGL','2017-05-18 09:34:00.0000',94.22,94.22,94.15,94.17,700,'NULL'),(5,'ACGLP@NASDAQ','ACGLP','2017-05-18 09:34:00.0000',23.78,23.78,23.7301,23.74,1100,'NULL'),(5,'ACHC@NASDAQ','ACHC','2017-05-18 09:34:00.0000',42.53,42.53,42.47,42.5,900,'NULL'),(5,'ACHN@NASDAQ','ACHN','2017-05-18 09:34:00.0000',4.08,4.08,4.02,4.02,11943,'NULL'),(5,'ACIA@NASDAQ','ACIA','2017-05-18 09:34:00.0000',44.64,44.7299,44.53,44.58,3800,'NULL'),(5,'ACIU@NASDAQ','ACIU','2017-05-18 09:34:00.0000',8.82,8.83,8.82,8.83,700,'NULL'),(5,'ACIW@NASDAQ','ACIW','2017-05-18 09:34:00.0000',21.97,21.98,21.91,21.91,2969,'NULL'),(5,'ACLS@NASDAQ','ACLS','2017-05-18 09:34:00.0000',20.6,20.6,20.588,20.588,1215,'NULL'),(5,'BAC@NYSE','BAC','2017-05-19 09:34:00.0000',23.02,23.04,23,23,488986,'NULL'),(5,'C@NYSE','C','2017-05-19 09:34:00.0000',60.73,60.76,60.7,60.75,135475,'NULL'),(5,'MS@NYSE','MS','2017-05-19 09:34:00.0000',41.68,41.69,41.65,41.69,21251,'NULL'),(6,'AAAP@NASDAQ','AAAP','2017-05-18 09:35:00.0000',36.46,36.46,36.46,36.46,100,'NULL'),(6,'AAL@NASDAQ','AAL','2017-05-18 09:35:00.0000',44.71,44.791,44.7,44.75,17486,'NULL'),(6,'AAME@NASDAQ','AAME','2017-05-19 12:22:00.0000',3.6,3.6,3.6,3.6,485,'NULL'),(6,'AAOI@NASDAQ','AAOI','2017-05-18 09:35:00.0000',61.0961,61.28,60.31,60.46,20594,'NULL'),(6,'AAON@NASDAQ','AAON','2017-05-18 09:35:00.0000',35.6,35.6,35.6,35.6,100,'NULL'),(6,'AAPL@NASDAQ','AAPL','2010-10-11 09:25:00.0000',294.64,294.84,294.5,294.77,12244,'NULL'),(6,'AAWW@NASDAQ','AAWW','2017-05-18 09:35:00.0000',45.8,45.875,45.8,45.875,400,'NULL'),(6,'AAXJ@NASDAQ','AAXJ','2017-05-18 09:35:00.0000',65.06,65.07,64.91,64.94,21377,'NULL'),(6,'AAXN@NASDAQ','AAXN','2017-05-18 09:35:00.0000',24.311,24.36,24.3,24.32,2494,'NULL'),(6,'ABAC@NASDAQ','ABAC','2017-05-18 09:35:00.0000',1.8119,1.8119,1.8119,1.8119,500,'NULL'),(6,'ABAX@NASDAQ','ABAX','2017-05-18 09:35:00.0000',46.7,46.74,46.7,46.7,600,'NULL'),(6,'ABCB@NASDAQ','ABCB','2017-05-18 09:35:00.0000',44.1,44.1,44.1,44.1,100,'NULL'),(6,'ABCD@NASDAQ','ABCD','2017-05-18 09:55:00.0000',4.96,4.96,4.96,4.96,100,'NULL'),(6,'ABCO@NASDAQ','ABCO','2017-05-18 09:35:00.0000',51,51,51,51,500,'NULL'),(6,'ABDC@NASDAQ','ABDC','2017-05-18 09:35:00.0000',13.525,13.525,13.5,13.51,1800,'NULL'),(6,'ABEO@NASDAQ','ABEO','2017-05-18 09:35:00.0000',6,6,5.975,6,700,'NULL'),(6,'ABIL@NASDAQ','ABIL','2017-05-18 09:35:00.0000',0.669,0.6952,0.669,0.6779,2400,'NULL'),(6,'ABIO@NASDAQ','ABIO','2017-05-18 09:36:00.0000',2.4,2.4,2.4,2.4,100,'NULL'),(6,'ABMD@NASDAQ','ABMD','2017-05-18 09:35:00.0000',130.95,131.043,130.95,131.043,310,'NULL'),(6,'ABTL@NASDAQ','ABTL','2017-05-18 09:35:00.0000',13,13,13,13,100,'NULL'),(6,'ABTX@NASDAQ','ABTX','2017-05-18 09:35:00.0000',37.95,37.95,37.95,37.95,100,'NULL'),(6,'ABUS@NASDAQ','ABUS','2017-05-18 09:35:00.0000',3.425,3.425,3.425,3.425,400,'NULL'),(6,'ABY@NASDAQ','ABY','2017-05-18 09:35:00.0000',20.08,20.08,20.07,20.07,400,'NULL'),(6,'ACAD@NASDAQ','ACAD','2017-05-18 09:35:00.0000',27.2,27.21,27.11,27.19,3920,'NULL'),(6,'ACBI@NASDAQ','ACBI','2017-05-18 09:35:00.0000',18.75,18.75,18.75,18.75,100,'NULL'),(6,'ACET@NASDAQ','ACET','2017-05-18 09:35:00.0000',14.045,14.0801,14.04,14.08,3906,'NULL'),(6,'ACFC@NASDAQ','ACFC','2017-05-18 09:35:00.0000',7.7,7.7,7.7,7.7,400,'NULL'),(6,'ACGL@NASDAQ','ACGL','2017-05-18 09:35:00.0000',94.34,94.4075,94.32,94.36,400,'NULL'),(6,'ACGLP@NASDAQ','ACGLP','2017-05-18 09:35:00.0000',23.774,23.774,23.774,23.774,176,'NULL'),(6,'ACHC@NASDAQ','ACHC','2017-05-18 09:35:00.0000',42.52,42.52,42.52,42.52,1100,'NULL'),(6,'ACHN@NASDAQ','ACHN','2017-05-18 09:35:00.0000',4.1,4.12,4.06,4.08,59281,'NULL'),(6,'ACIA@NASDAQ','ACIA','2017-05-18 09:35:00.0000',44.81,44.999,44.62,44.69,6134,'NULL'),(6,'ACIU@NASDAQ','ACIU','2017-05-18 09:35:00.0000',8.82,8.82,8.82,8.82,500,'NULL'),(6,'ACIW@NASDAQ','ACIW','2017-05-18 09:35:00.0000',21.81,21.97,21.81,21.97,1100,'NULL'),(6,'ACLS@NASDAQ','ACLS','2017-05-18 09:35:00.0000',20.65,20.65,20.55,20.55,1357,'NULL'),(6,'BAC@NYSE','BAC','2017-05-19 09:35:00.0000',23.02,23.06,23.01,23.015,534172,'NULL'),(6,'C@NYSE','C','2017-05-19 09:35:00.0000',60.67,60.75,60.65,60.72,110958,'NULL'),(6,'MS@NYSE','MS','2017-05-19 09:35:00.0000',41.63,41.7,41.63,41.665,39822,'NULL'),(7,'AAAP@NASDAQ','AAAP','2017-05-18 09:36:00.0000',36.48,36.48,36.48,36.48,100,'NULL'),(7,'AAL@NASDAQ','AAL','2017-05-18 09:36:00.0000',44.81,44.87,44.61,44.71,33370,'NULL'),(7,'AAME@NASDAQ','AAME','2017-05-19 12:23:00.0000',3.6,3.6,3.6,3.6,1000,'NULL'),(7,'AAOI@NASDAQ','AAOI','2017-05-18 09:36:00.0000',61.01,61.279,60.72,61.279,16127,'NULL'),(7,'AAON@NASDAQ','AAON','2017-05-18 09:36:00.0000',35.525,35.6,35.525,35.6,300,'NULL'),(7,'AAPL@NASDAQ','AAPL','2010-10-11 09:30:00.0000',294.74,296.25,294.74,295.71,1024460,'NULL'),(7,'AAWW@NASDAQ','AAWW','2017-05-18 09:36:00.0000',45.95,45.95,45.85,45.85,4500,'NULL'),(7,'AAXJ@NASDAQ','AAXJ','2017-05-18 09:36:00.0000',65.06,65.09,65.06,65.07,1588,'NULL'),(7,'AAXN@NASDAQ','AAXN','2017-05-18 09:36:00.0000',24.3522,24.3522,24.3413,24.3413,900,'NULL'),(7,'ABAC@NASDAQ','ABAC','2017-05-18 09:36:00.0000',1.82,1.82,1.82,1.82,100,'NULL'),(7,'ABAX@NASDAQ','ABAX','2017-05-18 09:36:00.0000',46.5,46.55,46.5,46.55,300,'NULL'),(7,'ABCB@NASDAQ','ABCB','2017-05-18 09:36:00.0000',44.2,44.25,44.15,44.15,1000,'NULL'),(7,'ABCD@NASDAQ','ABCD','2017-05-18 09:56:00.0000',4.96,4.96,4.96,4.96,100,'NULL'),(7,'ABCO@NASDAQ','ABCO','2017-05-18 09:36:00.0000',51,51.05,51,51,300,'NULL'),(7,'ABDC@NASDAQ','ABDC','2017-05-18 09:36:00.0000',13.55,13.55,13.5,13.525,4460,'NULL'),(7,'ABEO@NASDAQ','ABEO','2017-05-18 09:36:00.0000',6,6,5.95,5.95,300,'NULL'),(7,'ABIL@NASDAQ','ABIL','2017-05-18 09:36:00.0000',0.6601,0.6601,0.6601,0.6601,100,'NULL'),(7,'ABIO@NASDAQ','ABIO','2017-05-18 09:37:00.0000',2.4,2.4,2.4,2.4,300,'NULL'),(7,'ABMD@NASDAQ','ABMD','2017-05-18 09:36:00.0000',130.87,131.015,130.87,131.015,600,'NULL'),(7,'ABTL@NASDAQ','ABTL','2017-05-18 09:36:00.0000',12.9808,12.9808,12.9808,12.9808,276,'NULL'),(7,'ABTX@NASDAQ','ABTX','2017-05-18 09:36:00.0000',38,38,38,38,400,'NULL'),(7,'ABUS@NASDAQ','ABUS','2017-05-18 09:36:00.0000',3.45,3.49,3.425,3.425,34500,'NULL'),(7,'ABY@NASDAQ','ABY','2017-05-18 09:36:00.0000',19.87,19.98,19.87,19.97,900,'NULL'),(7,'ACAD@NASDAQ','ACAD','2017-05-18 09:36:00.0000',27.2,27.2617,27.2,27.2558,6077,'NULL'),(7,'ACBI@NASDAQ','ACBI','2017-05-18 09:36:00.0000',18.8,18.8,18.75,18.75,300,'NULL'),(7,'ACET@NASDAQ','ACET','2017-05-18 09:36:00.0000',14.06,14.06,14.06,14.06,200,'NULL'),(7,'ACFC@NASDAQ','ACFC','2017-05-18 09:36:00.0000',7.7,7.7,7.7,7.7,200,'NULL'),(7,'ACGL@NASDAQ','ACGL','2017-05-18 09:36:00.0000',94.4,94.4,94.36,94.36,200,'NULL'),(7,'ACGLP@NASDAQ','ACGLP','2017-05-18 09:36:00.0000',23.78,23.78,23.78,23.78,100,'NULL'),(7,'ACHC@NASDAQ','ACHC','2017-05-18 09:36:00.0000',42.5525,42.56,42.545,42.56,500,'NULL'),(7,'ACHN@NASDAQ','ACHN','2017-05-18 09:36:00.0000',4.1599,4.16,4.09,4.09,41490,'NULL'),(7,'ACIA@NASDAQ','ACIA','2017-05-18 09:36:00.0000',44.8,44.84,44.751,44.81,3919,'NULL'),(7,'ACIU@NASDAQ','ACIU','2017-05-18 09:36:00.0000',8.87,8.87,8.87,8.87,100,'NULL'),(7,'ACIW@NASDAQ','ACIW','2017-05-18 09:36:00.0000',21.99,21.99,21.86,21.86,900,'NULL'),(7,'ACLS@NASDAQ','ACLS','2017-05-18 09:36:00.0000',20.6031,20.6031,20.55,20.55,447,'NULL'),(7,'BAC@NYSE','BAC','2017-05-19 09:36:00.0000',23.0293,23.035,23,23.02,666134,'NULL'),(7,'C@NYSE','C','2017-05-19 09:36:00.0000',60.899,60.9,60.64,60.64,166750,'NULL'),(7,'MS@NYSE','MS','2017-05-19 09:36:00.0000',41.67,41.68,41.61,41.63,22355,'NULL'),(8,'AAAP@NASDAQ','AAAP','2017-05-18 09:37:00.0000',36.3,36.31,36.3,36.31,400,'NULL'),(8,'AAL@NASDAQ','AAL','2017-05-18 09:37:00.0000',44.65,44.87,44.57,44.83,56604,'NULL'),(8,'AAME@NASDAQ','AAME','2017-05-19 12:24:00.0000',3.6,3.6,3.6,3.6,1000,'NULL'),(8,'AAOI@NASDAQ','AAOI','2017-05-18 09:37:00.0000',61.2242,61.47,61.09,61.2,23579,'NULL'),(8,'AAON@NASDAQ','AAON','2017-05-18 09:37:00.0000',35.55,35.55,35.55,35.55,200,'NULL'),(8,'AAPL@NASDAQ','AAPL','2010-11-10 09:45:00.0000',296.1,296.19,295.27,295.38,398542,'here should be auto incrementation of id'),(8,'AAWW@NASDAQ','AAWW','2017-05-18 09:37:00.0000',45.95,45.95,45.875,45.95,400,'NULL'),(8,'AAXJ@NASDAQ','AAXJ','2017-05-18 09:37:00.0000',65.07,65.13,65.06,65.07,8713,'NULL'),(8,'AAXN@NASDAQ','AAXN','2017-05-18 09:37:00.0000',24.39,24.39,24.38,24.38,1225,'NULL'),(8,'ABAC@NASDAQ','ABAC','2017-05-18 09:37:00.0000',1.8,1.81,1.8,1.81,2400,'NULL'),(8,'ABAX@NASDAQ','ABAX','2017-05-18 09:37:00.0000',46.48,46.8,46.31,46.63,1100,'NULL'),(8,'ABCB@NASDAQ','ABCB','2017-05-18 09:37:00.0000',44.1,44.15,44.1,44.15,200,'NULL'),(8,'ABCD@NASDAQ','ABCD','2017-05-18 09:57:00.0000',4.96,4.96,4.96,4.96,100,'NULL'),(8,'ABCO@NASDAQ','ABCO','2017-05-18 09:37:00.0000',51,51,51,51,100,'NULL'),(8,'ABDC@NASDAQ','ABDC','2017-05-18 09:37:00.0000',13.55,13.5696,13.55,13.5696,1200,'NULL'),(8,'ABEO@NASDAQ','ABEO','2017-05-18 09:37:00.0000',6,6,6,6,100,'NULL'),(8,'ABIL@NASDAQ','ABIL','2017-05-18 09:37:00.0000',0.655,0.66,0.65,0.6553,2430,'NULL'),(8,'ABIO@NASDAQ','ABIO','2017-05-18 09:38:00.0000',2.4,2.4,2.4,2.4,100,'NULL'),(8,'ABMD@NASDAQ','ABMD','2017-05-18 09:37:00.0000',130.39,130.83,130.39,130.83,544,'NULL'),(8,'ABTL@NASDAQ','ABTL','2017-05-18 09:37:00.0000',13.01,13.01,13.01,13.01,400,'NULL'),(8,'ABTX@NASDAQ','ABTX','2017-05-18 09:37:00.0000',38,38,38,38,300,'NULL'),(8,'ABUS@NASDAQ','ABUS','2017-05-18 09:37:00.0000',3.55,3.55,3.538,3.538,3200,'NULL'),(8,'ABY@NASDAQ','ABY','2017-05-18 09:37:00.0000',19.97,20.01,19.86,19.86,4450,'NULL'),(8,'ACAD@NASDAQ','ACAD','2017-05-18 09:37:00.0000',27.21,27.25,27.21,27.25,300,'NULL'),(8,'ACBI@NASDAQ','ACBI','2017-05-18 09:37:00.0000',18.775,18.775,18.775,18.775,100,'NULL'),(8,'ACET@NASDAQ','ACET','2017-05-18 09:37:00.0000',14.07,14.07,14.07,14.07,100,'NULL'),(8,'ACFC@NASDAQ','ACFC','2017-05-18 09:37:00.0000',7.7,7.7,7.7,7.7,100,'NULL'),(8,'ACGL@NASDAQ','ACGL','2017-05-18 09:37:00.0000',94.36,94.39,94.36,94.375,516,'NULL'),(8,'ACGLP@NASDAQ','ACGLP','2017-05-18 09:37:00.0000',23.78,23.78,23.78,23.78,1250,'NULL'),(8,'ACHC@NASDAQ','ACHC','2017-05-18 09:37:00.0000',42.6,42.6,42.54,42.54,2300,'NULL'),(8,'ACHN@NASDAQ','ACHN','2017-05-18 09:37:00.0000',4.16,4.17,4.12,4.1516,46421,'NULL'),(8,'ACIA@NASDAQ','ACIA','2017-05-18 09:37:00.0000',44.9299,44.9299,44.78,44.78,2200,'NULL'),(8,'ACIU@NASDAQ','ACIU','2017-05-18 09:37:00.0000',8.85,8.85,8.85,8.85,100,'NULL'),(8,'ACIW@NASDAQ','ACIW','2017-05-18 09:37:00.0000',22.02,22.02,22,22.01,3200,'NULL'),(8,'ACLS@NASDAQ','ACLS','2017-05-18 09:37:00.0000',20.8,20.8,20.7,20.7,1100,'NULL'),(8,'BAC@NYSE','BAC','2017-05-19 09:37:00.0000',23.07,23.08,23.03,23.03,395048,'NULL'),(8,'C@NYSE','C','2017-05-19 09:37:00.0000',60.95,60.97,60.86,60.9,153296,'NULL'),(8,'MS@NYSE','MS','2017-05-19 09:37:00.0000',41.7702,41.79,41.67,41.68,32574,'NULL'),(9,'AAAP@NASDAQ','AAAP','2017-05-18 09:38:00.0000',36.26,36.28,36.26,36.26,500,'NULL'),(9,'AAL@NASDAQ','AAL','2017-05-18 09:38:00.0000',44.6847,44.77,44.65,44.65,19737,'NULL'),(9,'AAME@NASDAQ','AAME','2017-05-19 12:25:00.0000',3.6,3.6,3.6,3.6,100,'NULL'),(9,'AAOI@NASDAQ','AAOI','2017-05-18 09:38:00.0000',61.92,61.95,61.28,61.28,19830,'NULL'),(9,'AAON@NASDAQ','AAON','2017-05-18 09:38:00.0000',35.5,35.5,35.5,35.5,100,'NULL'),(9,'AAPL@NASDAQ','AAPL','2017-05-19 09:38:00.0000',153.29,153.413,153.23,153.276,121558,'NULL'),(9,'AAWW@NASDAQ','AAWW','2017-05-18 09:38:00.0000',45.8,45.9,45.8,45.8,1300,'NULL'),(9,'AAXJ@NASDAQ','AAXJ','2017-05-18 09:38:00.0000',65.08,65.09,65.06,65.06,5379,'NULL'),(9,'AAXN@NASDAQ','AAXN','2017-05-18 09:38:00.0000',24.44,24.44,24.4198,24.43,1700,'NULL'),(9,'ABAC@NASDAQ','ABAC','2017-05-18 09:38:00.0000',1.8299,1.8299,1.8299,1.8299,100,'NULL'),(9,'ABAX@NASDAQ','ABAX','2017-05-18 09:38:00.0000',46.37,46.37,46.37,46.37,100,'NULL'),(9,'ABCB@NASDAQ','ABCB','2017-05-18 09:38:00.0000',43.95,43.95,43.95,43.95,100,'NULL'),(9,'ABCD@NASDAQ','ABCD','2017-05-18 09:58:00.0000',4.98,4.98,4.98,4.98,200,'NULL'),(9,'ABCO@NASDAQ','ABCO','2017-05-18 09:38:00.0000',51,51,51,51,100,'NULL'),(9,'ABDC@NASDAQ','ABDC','2017-05-18 09:38:00.0000',13.58,13.58,13.58,13.58,100,'NULL'),(9,'ABEO@NASDAQ','ABEO','2017-05-18 09:38:00.0000',6.2,6.2,6,6,4611,'NULL'),(9,'ABIL@NASDAQ','ABIL','2017-05-18 09:38:00.0000',0.6849,0.69,0.6849,0.69,3604,'NULL'),(9,'ABIO@NASDAQ','ABIO','2017-05-18 09:39:00.0000',2.405,2.425,2.4,2.425,1368,'NULL'),(9,'ABMD@NASDAQ','ABMD','2017-05-18 09:38:00.0000',130.55,130.55,130.5,130.5,300,'NULL'),(9,'ABTL@NASDAQ','ABTL','2017-05-18 09:38:00.0000',13.09,13.09,13.05,13.05,400,'NULL'),(9,'ABTX@NASDAQ','ABTX','2017-05-18 09:38:00.0000',37.95,37.95,37.95,37.95,200,'NULL'),(9,'ABUS@NASDAQ','ABUS','2017-05-18 09:38:00.0000',3.525,3.55,3.5225,3.55,6400,'NULL'),(9,'ABY@NASDAQ','ABY','2017-05-18 09:38:00.0000',19.98,19.98,19.98,19.98,100,'NULL'),(9,'ACAD@NASDAQ','ACAD','2017-05-18 09:38:00.0000',27.22,27.29,27.2,27.22,1600,'NULL'),(9,'ACBI@NASDAQ','ACBI','2017-05-18 09:38:00.0000',18.775,18.775,18.775,18.775,100,'NULL'),(9,'ACET@NASDAQ','ACET','2017-05-18 09:38:00.0000',14.04,14.05,14.01,14.05,500,'NULL'),(9,'ACFC@NASDAQ','ACFC','2017-05-18 09:38:00.0000',7.7,7.7,7.7,7.7,100,'NULL'),(9,'ACGL@NASDAQ','ACGL','2017-05-18 09:38:00.0000',94.26,94.34,94.19,94.32,1400,'NULL'),(9,'ACGLP@NASDAQ','ACGLP','2017-05-18 09:38:00.0000',23.79,23.79,23.78,23.78,1100,'NULL'),(9,'ACHC@NASDAQ','ACHC','2017-05-18 09:38:00.0000',42.58,42.62,42.57,42.57,600,'NULL'),(9,'ACHN@NASDAQ','ACHN','2017-05-18 09:38:00.0000',4.165,4.18,4.155,4.155,32200,'NULL'),(9,'ACIA@NASDAQ','ACIA','2017-05-18 09:38:00.0000',45.08,45.09,44.8182,44.85,4909,'NULL'),(9,'ACIU@NASDAQ','ACIU','2017-05-18 09:38:00.0000',8.82,8.83,8.82,8.83,250,'NULL'),(9,'ACIW@NASDAQ','ACIW','2017-05-18 09:38:00.0000',21.99,22.05,21.99,22.05,400,'NULL'),(9,'ACLS@NASDAQ','ACLS','2017-05-18 09:38:00.0000',20.8,20.8,20.75,20.75,1069,'NULL'),(9,'BAC@NYSE','BAC','2017-05-19 09:38:00.0000',23.07,23.08,23.04,23.071,438100,'NULL'),(9,'C@NYSE','C','2017-05-19 09:38:00.0000',60.86,60.9624,60.83,60.9624,154563,'NULL'),(9,'MS@NYSE','MS','2017-05-19 09:38:00.0000',41.76,41.78,41.74,41.772,28687,'NULL'),(10,'AAAP@NASDAQ','AAAP','2017-05-18 09:39:00.0000',36.25,36.25,36.25,36.25,600,'NULL'),(10,'AAL@NASDAQ','AAL','2017-05-18 09:39:00.0000',44.79,44.8,44.66,44.66,15897,'NULL'),(10,'AAME@NASDAQ','AAME','2017-05-19 12:26:00.0000',3.75,3.75,3.75,3.75,100,'NULL'),(10,'AAOI@NASDAQ','AAOI','2017-05-18 09:39:00.0000',62.34,62.34,61.51,61.772,17610,'NULL'),(10,'AAON@NASDAQ','AAON','2017-05-18 09:39:00.0000',35.5,35.5,35.5,35.5,100,'NULL'),(10,'AAPL@NASDAQ','AAPL','2017-05-19 09:39:00.0000',153.45,153.45,153.29,153.3,133124,'NULL'),(10,'AAWW@NASDAQ','AAWW','2017-05-18 09:39:00.0000',45.8,45.9,45.8,45.9,750,'NULL'),(10,'AAXJ@NASDAQ','AAXJ','2017-05-18 09:39:00.0000',65.13,65.14,65.1,65.1,1360,'NULL'),(10,'AAXN@NASDAQ','AAXN','2017-05-18 09:39:00.0000',24.4,24.43,24.4,24.43,3580,'NULL'),(10,'ABAC@NASDAQ','ABAC','2017-05-18 09:39:00.0000',1.8299,1.8299,1.8299,1.8299,100,'NULL'),(10,'ABAX@NASDAQ','ABAX','2017-05-18 09:39:00.0000',46.52,46.52,46.52,46.52,100,'NULL'),(10,'ABCB@NASDAQ','ABCB','2017-05-18 09:39:00.0000',44,44.15,44,44.15,200,'NULL'),(10,'ABCD@NASDAQ','ABCD','2017-05-18 09:59:00.0000',5,5,5,5,100,'NULL'),(10,'ABCO@NASDAQ','ABCO','2017-05-18 09:39:00.0000',51,51,51,51,200,'NULL'),(10,'ABDC@NASDAQ','ABDC','2017-05-18 09:39:00.0000',13.6,13.6,13.6,13.6,250,'NULL'),(10,'ABEO@NASDAQ','ABEO','2017-05-18 09:39:00.0000',6.15,6.2,6.15,6.2,5200,'NULL'),(10,'ABIL@NASDAQ','ABIL','2017-05-18 09:39:00.0000',0.6999,0.6999,0.69,0.69,300,'NULL'),(10,'ABIO@NASDAQ','ABIO','2017-05-18 09:40:00.0000',2.4,2.425,2.4,2.425,300,'NULL'),(10,'ABMD@NASDAQ','ABMD','2017-05-18 09:39:00.0000',130.664,130.664,130.664,130.664,3800,'NULL'),(10,'ABTL@NASDAQ','ABTL','2017-05-18 09:39:00.0000',13.09,13.09,13.09,13.09,500,'NULL'),(10,'ABTX@NASDAQ','ABTX','2017-05-18 09:39:00.0000',37.95,37.95,37.95,37.95,100,'NULL'),(10,'ABUS@NASDAQ','ABUS','2017-05-18 09:39:00.0000',3.5395,3.55,3.5395,3.54,3400,'NULL'),(10,'ABY@NASDAQ','ABY','2017-05-18 09:39:00.0000',19.98,19.98,19.92,19.92,800,'NULL'),(10,'ACAD@NASDAQ','ACAD','2017-05-18 09:39:00.0000',27.2852,27.32,27.24,27.24,491,'NULL'),(10,'ACBI@NASDAQ','ACBI','2017-05-18 09:39:00.0000',18.75,18.75,18.75,18.75,100,'NULL'),(10,'ACET@NASDAQ','ACET','2017-05-18 09:39:00.0000',13.96,14.01,13.96,14.01,1400,'NULL'),(10,'ACFC@NASDAQ','ACFC','2017-05-18 09:39:00.0000',7.7,7.7,7.7,7.7,100,'NULL'),(10,'ACGL@NASDAQ','ACGL','2017-05-18 09:39:00.0000',94.42,94.42,94.24,94.24,1224,'NULL'),(10,'ACGLP@NASDAQ','ACGLP','2017-05-18 09:39:00.0000',23.78,23.78,23.7748,23.7748,318,'NULL'),(10,'ACHC@NASDAQ','ACHC','2017-05-18 09:39:00.0000',42.57,42.575,42.56,42.57,1200,'NULL'),(10,'ACHN@NASDAQ','ACHN','2017-05-18 09:39:00.0000',4.2106,4.24,4.165,4.165,109838,'NULL'),(10,'ACIA@NASDAQ','ACIA','2017-05-18 09:39:00.0000',45.347,45.4682,45.152,45.195,9224,'NULL'),(10,'ACIU@NASDAQ','ACIU','2017-05-18 09:39:00.0000',8.82,8.83,8.82,8.83,200,'NULL'),(10,'ACIW@NASDAQ','ACIW','2017-05-18 09:39:00.0000',22,22.04,22,22.02,1500,'NULL'),(10,'ACLS@NASDAQ','ACLS','2017-05-18 09:39:00.0000',20.85,20.85,20.7675,20.7675,1200,'NULL'),(10,'BAC@NYSE','BAC','2017-05-19 09:39:00.0000',23.0899,23.09,23.07,23.07,313689,'NULL'),(10,'C@NYSE','C','2017-05-19 09:39:00.0000',60.83,60.86,60.81,60.85,109516,'NULL'),(10,'MS@NYSE','MS','2017-05-19 09:39:00.0000',41.77,41.785,41.75,41.75,11060,'NULL'),(11,'AAAP@NASDAQ','AAAP','2017-05-18 09:40:00.0000',36.2,36.22,36.2,36.22,200,'NULL'),(11,'AAL@NASDAQ','AAL','2017-05-18 09:40:00.0000',44.82,44.89,44.76,44.785,19215,'NULL'),(11,'AAME@NASDAQ','AAME','2017-05-19 12:27:00.0000',3.75,3.75,3.75,3.75,100,'NULL'),(11,'AAOI@NASDAQ','AAOI','2017-05-18 09:40:00.0000',62.338,62.34,61.99,62.171,27581,'NULL'),(11,'AAON@NASDAQ','AAON','2017-05-18 09:40:00.0000',35.45,35.45,35.45,35.45,300,'NULL'),(11,'AAPL@NASDAQ','AAPL','2017-05-19 09:40:00.0000',153.604,153.61,153.45,153.45,179862,'NULL'),(11,'AAWW@NASDAQ','AAWW','2017-05-18 09:40:00.0000',45.7,45.8,45.7,45.75,1200,'NULL'),(11,'AAXJ@NASDAQ','AAXJ','2017-05-18 09:40:00.0000',65.19,65.19,65.14,65.14,2000,'NULL'),(11,'AAXN@NASDAQ','AAXN','2017-05-18 09:40:00.0000',24.465,24.465,24.4,24.41,9602,'NULL'),(11,'ABAC@NASDAQ','ABAC','2017-05-18 09:40:00.0000',1.8299,1.8299,1.8299,1.8299,100,'NULL'),(11,'ABAX@NASDAQ','ABAX','2017-05-18 09:40:00.0000',46.83,46.83,46.56,46.59,3837,'NULL'),(11,'ABCB@NASDAQ','ABCB','2017-05-18 09:40:00.0000',43.85,43.95,43.85,43.95,500,'NULL'),(11,'ABCD@NASDAQ','ABCD','2017-05-18 10:00:00.0000',4.99,4.99,4.99,4.99,100,'NULL'),(11,'ABCO@NASDAQ','ABCO','2017-05-18 09:40:00.0000',50.95,51,50.95,51,1587,'NULL'),(11,'ABDC@NASDAQ','ABDC','2017-05-18 09:40:00.0000',13.6699,13.6699,13.6,13.6,1250,'NULL'),(11,'ABEO@NASDAQ','ABEO','2017-05-18 09:40:00.0000',6.15,6.15,6.125,6.15,508,'NULL'),(11,'ABIL@NASDAQ','ABIL','2017-05-18 09:40:00.0000',0.6835,0.6835,0.6835,0.6835,100,'NULL'),(11,'ABIO@NASDAQ','ABIO','2017-05-18 09:41:00.0000',2.4,2.4,2.4,2.4,100,'NULL'),(11,'ABMD@NASDAQ','ABMD','2017-05-18 09:40:00.0000',130.93,130.94,130.54,130.75,2500,'NULL'),(11,'ABTL@NASDAQ','ABTL','2017-05-18 09:40:00.0000',13.16,13.16,13.09,13.09,1500,'NULL'),(11,'ABTX@NASDAQ','ABTX','2017-05-18 09:40:00.0000',37.95,38,37.95,38,300,'NULL'),(11,'ABUS@NASDAQ','ABUS','2017-05-18 09:40:00.0000',3.45,3.525,3.45,3.525,7523,'NULL'),(11,'ABY@NASDAQ','ABY','2017-05-18 09:40:00.0000',19.915,19.915,19.87,19.87,200,'NULL'),(11,'ACAD@NASDAQ','ACAD','2017-05-18 09:40:00.0000',27.4273,27.4273,27.26,27.26,3033,'NULL'),(11,'ACBI@NASDAQ','ACBI','2017-05-18 09:40:00.0000',18.8,18.8,18.775,18.775,200,'NULL'),(11,'ACET@NASDAQ','ACET','2017-05-18 09:40:00.0000',14.06,14.06,14,14.005,1000,'NULL'),(11,'ACFC@NASDAQ','ACFC','2017-05-18 09:40:00.0000',7.7,7.7,7.7,7.7,100,'NULL'),(11,'ACGL@NASDAQ','ACGL','2017-05-18 09:40:00.0000',94.445,94.445,94.445,94.445,100,'NULL'),(11,'ACGLP@NASDAQ','ACGLP','2017-05-18 09:40:00.0000',23.78,23.78,23.77,23.77,1305,'NULL'),(11,'ACHC@NASDAQ','ACHC','2017-05-18 09:40:00.0000',42.58,42.58,42.58,42.58,100,'NULL'),(11,'ACHN@NASDAQ','ACHN','2017-05-18 09:40:00.0000',4.19,4.23,4.19,4.21,68048,'NULL'),(11,'ACIA@NASDAQ','ACIA','2017-05-18 09:40:00.0000',45.3722,45.479,45.3,45.3,3400,'NULL'),(11,'ACIU@NASDAQ','ACIU','2017-05-18 09:40:00.0000',8.81,8.8102,8.81,8.8102,1168,'NULL'),(11,'ACIW@NASDAQ','ACIW','2017-05-18 09:40:00.0000',22.03,22.03,22.02,22.02,800,'NULL'),(11,'ACLS@NASDAQ','ACLS','2017-05-18 09:40:00.0000',20.89,20.89,20.85,20.85,1600,'NULL'),(11,'BAC@NYSE','BAC','2017-05-19 09:40:00.0000',23.1134,23.12,23.08,23.085,427058,'NULL'),(11,'C@NYSE','C','2017-05-19 09:40:00.0000',60.84,60.84,60.79,60.82,123595,'NULL'),(11,'MS@NYSE','MS','2017-05-19 09:40:00.0000',41.81,41.83,41.7835,41.7876,19467,'NULL'),(12,'AAAP@NASDAQ','AAAP','2017-05-18 09:41:00.0000',36.18,36.18,36.18,36.18,100,'NULL'),(12,'AAL@NASDAQ','AAL','2017-05-18 09:41:00.0000',44.71,44.85,44.65,44.85,57903,'NULL'),(12,'AAOI@NASDAQ','AAOI','2017-05-18 09:41:00.0000',62.3434,62.45,62.1932,62.29,28544,'NULL'),(12,'AAON@NASDAQ','AAON','2017-05-18 09:41:00.0000',35.55,35.55,35.55,35.55,200,'NULL'),(12,'AAPL@NASDAQ','AAPL','2017-05-19 09:41:00.0000',153.48,153.59,153.45,153.59,113571,'NULL'),(12,'AAWW@NASDAQ','AAWW','2017-05-18 09:41:00.0000',45.75,45.75,45.65,45.65,400,'NULL'),(12,'AAXJ@NASDAQ','AAXJ','2017-05-18 09:41:00.0000',65.1675,65.19,65.1675,65.19,1300,'NULL'),(12,'AAXN@NASDAQ','AAXN','2017-05-18 09:41:00.0000',24.459,24.459,24.459,24.459,100,'NULL'),(12,'ABAC@NASDAQ','ABAC','2017-05-18 09:41:00.0000',1.83,1.83,1.83,1.83,100,'NULL'),(12,'ABAX@NASDAQ','ABAX','2017-05-18 09:41:00.0000',46.6,46.85,46.6,46.84,1254,'NULL'),(12,'ABCB@NASDAQ','ABCB','2017-05-18 09:41:00.0000',43.85,43.85,43.85,43.85,100,'NULL'),(12,'ABCD@NASDAQ','ABCD','2017-05-18 10:01:00.0000',4.99,4.99,4.99,4.99,100,'NULL'),(12,'ABCO@NASDAQ','ABCO','2017-05-18 09:41:00.0000',51.1,51.1,51.05,51.05,14200,'NULL'),(12,'ABDC@NASDAQ','ABDC','2017-05-18 09:41:00.0000',13.6292,13.6292,13.6292,13.6292,750,'NULL'),(12,'ABEO@NASDAQ','ABEO','2017-05-18 09:41:00.0000',6.1,6.1,6.1,6.1,500,'NULL'),(12,'ABIL@NASDAQ','ABIL','2017-05-18 09:41:00.0000',0.7168,0.7168,0.7168,0.7168,1000,'NULL'),(12,'ABIO@NASDAQ','ABIO','2017-05-18 09:42:00.0000',2.4,2.4,2.4,2.4,100,'NULL'),(12,'ABMD@NASDAQ','ABMD','2017-05-18 09:41:00.0000',131.11,131.11,131.11,131.11,400,'NULL'),(12,'ABTL@NASDAQ','ABTL','2017-05-18 09:41:00.0000',13.18,13.18,13.18,13.18,100,'NULL'),(12,'ABTX@NASDAQ','ABTX','2017-05-18 09:41:00.0000',38,38,38,38,100,'NULL'),(12,'ABUS@NASDAQ','ABUS','2017-05-18 09:41:00.0000',3.54,3.54,3.5,3.5,11800,'NULL'),(12,'ABY@NASDAQ','ABY','2017-05-18 09:41:00.0000',19.81,19.81,19.81,19.81,200,'NULL'),(12,'ACAD@NASDAQ','ACAD','2017-05-18 09:41:00.0000',27.54,27.54,27.41,27.41,10436,'NULL'),(12,'ACBI@NASDAQ','ACBI','2017-05-18 09:41:00.0000',18.775,18.775,18.775,18.775,100,'NULL'),(12,'ACET@NASDAQ','ACET','2017-05-18 09:41:00.0000',14,14.03,14,14.01,689,'NULL'),(12,'ACFC@NASDAQ','ACFC','2017-05-18 09:41:00.0000',7.7,7.7273,7.7,7.7273,875,'NULL'),(12,'ACGL@NASDAQ','ACGL','2017-05-18 09:41:00.0000',94.44,94.44,94.44,94.44,100,'NULL'),(12,'ACGLP@NASDAQ','ACGLP','2017-05-18 09:41:00.0000',23.78,23.78,23.78,23.78,1000,'NULL'),(12,'ACHC@NASDAQ','ACHC','2017-05-18 09:41:00.0000',42.52,42.56,42.52,42.56,1000,'NULL'),(12,'ACHN@NASDAQ','ACHN','2017-05-18 09:41:00.0000',4.28,4.28,4.197,4.2,73369,'NULL'),(12,'ACIA@NASDAQ','ACIA','2017-05-18 09:41:00.0000',45.3713,45.4348,45.208,45.3,4900,'NULL'),(12,'ACIU@NASDAQ','ACIU','2017-05-18 09:41:00.0000',8.81,8.81,8.78,8.78,500,'NULL'),(12,'ACIW@NASDAQ','ACIW','2017-05-18 09:41:00.0000',21.96,22.02,21.96,22.02,400,'NULL'),(12,'ACLS@NASDAQ','ACLS','2017-05-18 09:41:00.0000',20.9138,20.9138,20.9138,20.9138,1000,'NULL'),(12,'BAC@NYSE','BAC','2017-05-19 09:41:00.0000',23.095,23.135,23.09,23.11,674483,'NULL'),(12,'C@NYSE','C','2017-05-19 09:41:00.0000',60.775,60.88,60.75,60.845,113328,'NULL'),(12,'MS@NYSE','MS','2017-05-19 09:41:00.0000',41.82,41.83,41.805,41.81,35015,'NULL'),(13,'AAAP@NASDAQ','AAAP','2017-05-18 09:42:00.0000',36.25,36.25,36.25,36.25,200,'NULL'),(13,'AAL@NASDAQ','AAL','2017-05-18 09:42:00.0000',44.805,44.81,44.79,44.79,300,'NULL'),(13,'AAOI@NASDAQ','AAOI','2017-05-18 09:42:00.0000',62.1435,62.1435,62.1435,62.1435,200,'NULL'),(13,'AAON@NASDAQ','AAON','2017-05-18 09:42:00.0000',35.525,35.525,35.525,35.525,100,'NULL'),(13,'AAPL@NASDAQ','AAPL','2017-05-19 09:42:00.0000',153.53,153.61,153.47,153.47,110229,'NULL'),(13,'AAWW@NASDAQ','AAWW','2017-05-18 09:42:00.0000',45.7,45.7,45.7,45.7,300,'NULL'),(13,'AAXJ@NASDAQ','AAXJ','2017-05-18 09:42:00.0000',65.19,65.19,65.1854,65.1854,300,'NULL'),(13,'AAXN@NASDAQ','AAXN','2017-05-18 09:42:00.0000',24.4753,24.49,24.44,24.44,20902,'NULL'),(13,'ABAC@NASDAQ','ABAC','2017-05-18 09:42:00.0000',1.8275,1.8275,1.8275,1.8275,500,'NULL'),(13,'ABAX@NASDAQ','ABAX','2017-05-18 09:42:00.0000',46.77,46.84,46.73,46.75,1400,'NULL'),(13,'ABCB@NASDAQ','ABCB','2017-05-18 09:42:00.0000',44.05,44.05,43.9,43.9,800,'NULL'),(13,'ABCD@NASDAQ','ABCD','2017-05-18 10:02:00.0000',5,5,5,5,100,'NULL'),(13,'ABCO@NASDAQ','ABCO','2017-05-18 09:42:00.0000',51.15,51.2,51.15,51.2,300,'NULL'),(13,'ABDC@NASDAQ','ABDC','2017-05-18 09:42:00.0000',13.62,13.62,13.62,13.62,100,'NULL'),(13,'ABEO@NASDAQ','ABEO','2017-05-18 09:42:00.0000',6.125,6.15,6.1,6.15,2850,'NULL'),(13,'ABIL@NASDAQ','ABIL','2017-05-18 09:42:00.0000',0.67,0.67,0.67,0.67,100,'NULL'),(13,'ABIO@NASDAQ','ABIO','2017-05-19 10:26:00.0000',2.4,2.4,2.4,2.4,1000,'NULL'),(13,'ABMD@NASDAQ','ABMD','2017-05-18 09:42:00.0000',131.08,131.225,131.08,131.225,200,'NULL'),(13,'ABTL@NASDAQ','ABTL','2017-05-18 09:42:00.0000',13.15,13.15,13.15,13.15,100,'NULL'),(14,'AAAP@NASDAQ','AAAP','2017-05-18 09:43:00.0000',36.3,36.3,36.3,36.3,400,'NULL'),(14,'AAL@NASDAQ','AAL','2017-05-18 09:43:00.0000',44.9292,44.94,44.8,44.81,20295,'NULL'),(14,'AAOI@NASDAQ','AAOI','2017-05-18 09:43:00.0000',62.09,62.22,61.87,62.1658,15414,'NULL'),(15,'AAAP@NASDAQ','AAAP','2017-05-18 09:44:00.0000',36.3,36.3,36.3,36.3,300,'NULL'),(15,'AAL@NASDAQ','AAL','2017-05-18 09:44:00.0000',44.76,44.92,44.76,44.92,36900,'NULL'),(15,'AAOI@NASDAQ','AAOI','2017-05-18 09:44:00.0000',61.902,62.1599,61.85,62.11,10025,'NULL'),(16,'AAAP@NASDAQ','AAAP','2017-05-18 09:45:00.0000',36.26,36.26,36.26,36.26,400,'NULL'),(16,'AAL@NASDAQ','AAL','2017-05-18 09:45:00.0000',44.84,44.87,44.76,44.8068,24860,'NULL'),(16,'AAOI@NASDAQ','AAOI','2017-05-18 09:45:00.0000',61.95,62.06,61.83,61.9013,13974,'NULL'),(17,'AAAP@NASDAQ','AAAP','2017-05-18 09:46:00.0000',36.27,36.27,36.27,36.27,100,'NULL'),(17,'AAL@NASDAQ','AAL','2017-05-18 09:46:00.0000',44.6808,44.83,44.67,44.81,14831,'NULL'),(17,'AAOI@NASDAQ','AAOI','2017-05-18 09:46:00.0000',62.358,62.45,61.7608,61.88,16746,'NULL'),(18,'AAAP@NASDAQ','AAAP','2017-05-18 09:47:00.0000',36.19,36.19,36.19,36.19,200,'NULL'),(18,'AAL@NASDAQ','AAL','2017-05-18 09:47:00.0000',44.67,44.71,44.65,44.67,18331,'NULL'),(18,'AAOI@NASDAQ','AAOI','2017-05-18 09:47:00.0000',62.88,62.934,62.35,62.41,23407,'NULL'),(19,'AAAP@NASDAQ','AAAP','2017-05-18 09:48:00.0000',36.26,36.26,36.26,36.26,100,'NULL'),(19,'AAL@NASDAQ','AAL','2017-05-18 09:48:00.0000',44.7,44.81,44.68,44.68,19032,'NULL'),(19,'AAOI@NASDAQ','AAOI','2017-05-18 09:48:00.0000',62.63,62.81,62.4636,62.8,14330,'NULL'),(20,'AAAP@NASDAQ','AAAP','2017-05-18 09:49:00.0000',36.27,36.3,36.25,36.25,3000,'NULL'),(20,'AAL@NASDAQ','AAL','2017-05-18 09:49:00.0000',44.67,44.71,44.64,44.7,12979,'NULL'),(20,'AAOI@NASDAQ','AAOI','2017-05-18 09:49:00.0000',62.226,62.52,62.13,62.4664,6820,'NULL'),(21,'AAAP@NASDAQ','AAAP','2017-05-18 09:50:00.0000',36.5,36.5,36.5,36.5,100,'NULL'),(21,'AAL@NASDAQ','AAL','2017-05-18 09:50:00.0000',44.57,44.7038,44.57,44.69,27960,'NULL'),(21,'AAOI@NASDAQ','AAOI','2017-05-18 09:50:00.0000',62.3526,62.47,62.3,62.3999,8934,'NULL'),(22,'AAAP@NASDAQ','AAAP','2017-05-18 09:51:00.0000',36.25,36.28,36.25,36.28,200,'NULL'),(22,'AAL@NASDAQ','AAL','2017-05-18 09:51:00.0000',44.65,44.65,44.57,44.58,12928,'NULL'),(22,'AAOI@NASDAQ','AAOI','2017-05-18 09:51:00.0000',62.19,62.38,62.19,62.3229,4550,'NULL'),(23,'AAAP@NASDAQ','AAAP','2017-05-18 09:52:00.0000',36.47,36.47,36.47,36.47,100,'NULL'),(23,'AAL@NASDAQ','AAL','2017-05-18 09:52:00.0000',44.7214,44.7214,44.65,44.66,8457,'NULL'),(23,'AAOI@NASDAQ','AAOI','2017-05-18 09:52:00.0000',62.25,62.31,62.06,62.13,5894,'NULL'),(24,'AAAP@NASDAQ','AAAP','2017-05-18 09:53:00.0000',36.46,36.46,36.46,36.46,100,'NULL'),(24,'AAL@NASDAQ','AAL','2017-05-18 09:53:00.0000',44.67,44.73,44.62,44.73,14775,'NULL'),(24,'AAOI@NASDAQ','AAOI','2017-05-18 09:53:00.0000',62.6,62.6,62.33,62.37,11203,'NULL'),(25,'AAAP@NASDAQ','AAAP','2017-05-18 09:54:00.0000',36.4,36.4,36.31,36.31,1300,'NULL'),(25,'AAL@NASDAQ','AAL','2017-05-18 09:54:00.0000',44.7,44.74,44.68,44.68,7981,'NULL'),(25,'AAOI@NASDAQ','AAOI','2017-05-18 09:54:00.0000',62.4841,62.6899,62.46,62.599,13077,'NULL'),(26,'AAAP@NASDAQ','AAAP','2017-05-18 09:55:00.0000',36.26,36.31,36.26,36.31,804,'NULL'),(26,'AAL@NASDAQ','AAL','2017-05-18 09:55:00.0000',44.79,44.79,44.7,44.7,17131,'NULL'),(26,'AAOI@NASDAQ','AAOI','2017-05-18 09:55:00.0000',62.67,62.67,62.4437,62.53,5698,'NULL'),(27,'AAAP@NASDAQ','AAAP','2017-05-18 09:56:00.0000',36.24,36.24,36.24,36.24,100,'NULL'),(27,'AAL@NASDAQ','AAL','2017-05-18 09:56:00.0000',44.72,44.77,44.72,44.77,13344,'NULL'),(27,'AAOI@NASDAQ','AAOI','2017-05-18 09:56:00.0000',62.77,62.77,62.53,62.67,9258,'NULL'),(28,'AAAP@NASDAQ','AAAP','2017-05-18 09:57:00.0000',36.19,36.19,36.19,36.19,200,'NULL'),(28,'AAL@NASDAQ','AAL','2017-05-18 09:57:00.0000',44.78,44.81,44.72,44.742,34455,'NULL'),(28,'AAOI@NASDAQ','AAOI','2017-05-18 09:57:00.0000',62.834,62.9387,62.69,62.77,10048,'NULL'),(29,'AAAP@NASDAQ','AAAP','2017-05-18 09:58:00.0000',36.17,36.19,36.11,36.18,1400,'NULL'),(29,'AAL@NASDAQ','AAL','2017-05-18 09:58:00.0000',44.8482,44.87,44.78,44.78,31693,'NULL'),(29,'AAOI@NASDAQ','AAOI','2017-05-18 09:58:00.0000',62.68,62.8699,62.62,62.86,7316,'NULL'),(30,'AAAP@NASDAQ','AAAP','2017-05-18 09:59:00.0000',36.21,36.21,36.17,36.17,300,'NULL'),(30,'AAL@NASDAQ','AAL','2017-05-18 09:59:00.0000',44.87,44.92,44.845,44.85,11280,'NULL'),(30,'AAOI@NASDAQ','AAOI','2017-05-18 09:59:00.0000',62.445,62.65,62.34,62.65,7684,'NULL'),(31,'AAAP@NASDAQ','AAAP','2017-05-18 10:00:00.0000',36.25,36.25,36.24,36.24,400,'NULL'),(31,'AAL@NASDAQ','AAL','2017-05-18 10:00:00.0000',44.83,44.88,44.78,44.88,11500,'NULL'),(31,'AAOI@NASDAQ','AAOI','2017-05-18 10:00:00.0000',62.52,62.68,62.4874,62.4874,3370,'NULL'),(32,'AAAP@NASDAQ','AAAP','2017-05-18 10:01:00.0000',36.24,36.24,36.24,36.24,100,'NULL'),(32,'AAL@NASDAQ','AAL','2017-05-18 10:01:00.0000',44.86,44.9,44.82,44.83,22046,'NULL'),(32,'AAOI@NASDAQ','AAOI','2017-05-18 10:01:00.0000',62.8346,62.9399,62.551,62.67,10904,'NULL'),(33,'AAAP@NASDAQ','AAAP','2017-05-18 10:02:00.0000',36.18,36.18,36.18,36.18,200,'NULL'),(33,'AAL@NASDAQ','AAL','2017-05-18 10:02:00.0000',44.835,44.86,44.82,44.86,24412,'NULL'),(33,'AAOI@NASDAQ','AAOI','2017-05-18 10:02:00.0000',62.77,62.88,62.7629,62.8,3700,'NULL'),(34,'AAAP@NASDAQ','AAAP','2017-05-18 10:03:00.0000',36.25,36.25,36.25,36.25,100,'NULL'),(34,'AAL@NASDAQ','AAL','2017-05-18 10:03:00.0000',44.81,44.88,44.8,44.85,36169,'NULL'),(34,'AAOI@NASDAQ','AAOI','2017-05-18 10:03:00.0000',62.85,62.93,62.72,62.77,7404,'NULL'),(35,'AAAP@NASDAQ','AAAP','2017-05-18 10:04:00.0000',36.19,36.26,36.19,36.22,600,'NULL'),(35,'AAL@NASDAQ','AAL','2017-05-18 10:04:00.0000',44.93,44.93,44.83,44.83,25029,'NULL'),(35,'AAOI@NASDAQ','AAOI','2017-05-18 10:04:00.0000',63.2141,63.23,62.851,62.8789,34506,'NULL'),(36,'AAAP@NASDAQ','AAAP','2017-05-18 10:05:00.0000',36.31,36.31,36.31,36.31,100,'NULL'),(36,'AAL@NASDAQ','AAL','2017-05-18 10:05:00.0000',45.05,45.05,44.94,44.94,16402,'NULL'),(36,'AAOI@NASDAQ','AAOI','2017-05-18 10:05:00.0000',63.2135,63.35,63.045,63.22,13744,'NULL'),(37,'AAAP@NASDAQ','AAAP','2017-05-18 10:06:00.0000',36.24,36.3,36.24,36.3,200,'NULL'),(37,'AAL@NASDAQ','AAL','2017-05-18 10:06:00.0000',45.04,45.0522,44.99,45.05,11655,'NULL'),(37,'AAOI@NASDAQ','AAOI','2017-05-18 10:06:00.0000',63.16,63.2699,63.0806,63.2699,3292,'NULL'),(38,'AAAP@NASDAQ','AAAP','2017-05-18 10:07:00.0000',36.22,36.24,36.22,36.23,300,'NULL'),(38,'AAL@NASDAQ','AAL','2017-05-18 10:07:00.0000',45.04,45.06,45.01,45.05,14275,'NULL'),(38,'AAOI@NASDAQ','AAOI','2017-05-18 10:07:00.0000',63.0758,63.204,62.7996,63.204,6962,'NULL'),(39,'AAAP@NASDAQ','AAAP','2017-05-18 10:08:00.0000',36.18,36.18,36.18,36.18,100,'NULL'),(39,'AAL@NASDAQ','AAL','2017-05-18 10:08:00.0000',45.055,45.0847,45.05,45.05,8500,'NULL'),(39,'AAOI@NASDAQ','AAOI','2017-05-18 10:08:00.0000',63.0586,63.179,62.951,63.015,8668,'NULL'),(40,'AAAP@NASDAQ','AAAP','2017-05-18 10:09:00.0000',36.18,36.18,36.18,36.18,100,'NULL'),(40,'AAL@NASDAQ','AAL','2017-05-18 10:09:00.0000',45.17,45.17,45.05,45.06,11579,'NULL'),(40,'AAOI@NASDAQ','AAOI','2017-05-18 10:09:00.0000',62.87,62.995,62.77,62.995,14858,'NULL'),(41,'AAAP@NASDAQ','AAAP','2017-05-18 10:10:00.0000',36.2668,36.2668,36.2668,36.2668,520,'NULL'),(41,'AAL@NASDAQ','AAL','2017-05-18 10:10:00.0000',45.19,45.21,45.17,45.17,14132,'NULL'),(41,'AAOI@NASDAQ','AAOI','2017-05-18 10:10:00.0000',62.851,63,62.851,62.95,12040,'NULL'),(42,'AAAP@NASDAQ','AAAP','2017-05-18 10:11:00.0000',36.34,36.34,36.34,36.34,100,'NULL'),(42,'AAL@NASDAQ','AAL','2017-05-18 10:11:00.0000',45.23,45.23,45.1698,45.19,11938,'NULL'),(42,'AAOI@NASDAQ','AAOI','2017-05-18 10:11:00.0000',63.16,63.2,62.9292,62.95,8526,'NULL'),(43,'AAAP@NASDAQ','AAAP','2017-05-18 10:12:00.0000',36.33,36.33,36.255,36.255,380,'NULL'),(43,'AAL@NASDAQ','AAL','2017-05-18 10:12:00.0000',45.33,45.33,45.2262,45.2262,43642,'NULL'),(43,'AAOI@NASDAQ','AAOI','2017-05-18 10:12:00.0000',63.08,63.1499,63.07,63.14,5775,'NULL'),(44,'AAAP@NASDAQ','AAAP','2017-05-18 10:13:00.0000',36.3,36.34,36.3,36.34,200,'NULL'),(44,'AAL@NASDAQ','AAL','2017-05-18 10:13:00.0000',45.3686,45.37,45.3112,45.325,20058,'NULL'),(44,'AAOI@NASDAQ','AAOI','2017-05-18 10:13:00.0000',63.25,63.26,63.03,63.14,13541,'NULL'),(45,'AAAP@NASDAQ','AAAP','2017-05-18 10:14:00.0000',36.3,36.3,36.3,36.3,300,'NULL'),(45,'AAL@NASDAQ','AAL','2017-05-18 10:14:00.0000',45.33,45.38,45.32,45.37,25191,'NULL'),(45,'AAOI@NASDAQ','AAOI','2017-05-18 10:14:00.0000',63.29,63.3,63.2132,63.24,6786,'NULL'),(46,'AAAP@NASDAQ','AAAP','2017-05-18 10:15:00.0000',36.2,36.35,36.2,36.35,200,'NULL'),(46,'AAL@NASDAQ','AAL','2017-05-18 10:15:00.0000',45.27,45.349,45.27,45.33,22409,'NULL'),(46,'AAOI@NASDAQ','AAOI','2017-05-18 10:15:00.0000',63.01,63.35,63,63.2484,20177,'NULL'),(47,'AAAP@NASDAQ','AAAP','2017-05-18 10:16:00.0000',36.2047,36.2047,36.2047,36.2047,100,'NULL'),(47,'AAL@NASDAQ','AAL','2017-05-18 10:16:00.0000',45.21,45.28,45.19,45.27,12456,'NULL'),(47,'AAOI@NASDAQ','AAOI','2017-05-18 10:16:00.0000',62.86,63.0847,62.81,63.073,18356,'NULL'),(48,'AAAP@NASDAQ','AAAP','2017-05-18 10:17:00.0000',36.16,36.21,36.16,36.21,400,'NULL'),(48,'AAL@NASDAQ','AAL','2017-05-18 10:17:00.0000',45.22,45.25,45.202,45.21,15348,'NULL'),(48,'AAOI@NASDAQ','AAOI','2017-05-18 10:17:00.0000',63.109,63.23,62.839,62.88,10819,'NULL'),(49,'AAAP@NASDAQ','AAAP','2017-05-18 10:18:00.0000',36.18,36.18,36.17,36.18,700,'NULL'),(49,'AAL@NASDAQ','AAL','2017-05-18 10:18:00.0000',45.1114,45.22,45.1,45.22,18924,'NULL'),(49,'AAOI@NASDAQ','AAOI','2017-05-18 10:18:00.0000',63.3,63.3,63.093,63.1,10589,'NULL'),(50,'AAAP@NASDAQ','AAAP','2017-05-18 10:19:00.0000',36.18,36.2,36.18,36.2,500,'NULL'),(50,'AAL@NASDAQ','AAL','2017-05-18 10:19:00.0000',45.1644,45.17,45.12,45.12,3802,'NULL'),(50,'AAOI@NASDAQ','AAOI','2017-05-18 10:19:00.0000',63.0449,63.3,63.0419,63.3,8125,'NULL'),(51,'AAAP@NASDAQ','AAAP','2017-05-18 10:20:00.0000',36.18,36.18,36.18,36.18,200,'NULL'),(51,'AAL@NASDAQ','AAL','2017-05-18 10:20:00.0000',45.23,45.23,45.17,45.17,4000,'NULL'),(51,'AAOI@NASDAQ','AAOI','2017-05-18 10:20:00.0000',63.18,63.19,63.0585,63.1,3276,'NULL'),(52,'AAAP@NASDAQ','AAAP','2017-05-18 10:21:00.0000',36.18,36.18,36.18,36.18,400,'NULL'),(52,'AAL@NASDAQ','AAL','2017-05-18 10:21:00.0000',45.23,45.24,45.1801,45.24,9120,'NULL'),(52,'AAOI@NASDAQ','AAOI','2017-05-18 10:21:00.0000',63.1597,63.23,63.12,63.19,2884,'NULL'),(53,'AAAP@NASDAQ','AAAP','2017-05-18 10:22:00.0000',36.39,36.39,36.39,36.39,100,'NULL'),(53,'AAL@NASDAQ','AAL','2017-05-18 10:22:00.0000',45.14,45.23,45.14,45.22,26712,'NULL'),(53,'AAOI@NASDAQ','AAOI','2017-05-18 10:22:00.0000',62.98,63.19,62.935,63.12,9082,'NULL'),(54,'AAAP@NASDAQ','AAAP','2017-05-18 10:23:00.0000',36.36,36.36,36.36,36.36,100,'NULL'),(54,'AAL@NASDAQ','AAL','2017-05-18 10:23:00.0000',45.13,45.15,45.13,45.145,4800,'NULL'),(54,'AAOI@NASDAQ','AAOI','2017-05-18 10:23:00.0000',63,63,62.76,62.9417,10354,'NULL'),(55,'AAAP@NASDAQ','AAAP','2017-05-18 10:24:00.0000',36.21,36.38,36.21,36.36,300,'NULL'),(55,'AAL@NASDAQ','AAL','2017-05-18 10:24:00.0000',45.15,45.15,45.1,45.13,8675,'NULL'),(55,'AAOI@NASDAQ','AAOI','2017-05-18 10:24:00.0000',62.9291,62.9992,62.87,62.96,4500,'NULL'),(56,'AAAP@NASDAQ','AAAP','2017-05-18 10:25:00.0000',36.19,36.35,36.19,36.35,500,'NULL'),(56,'AAL@NASDAQ','AAL','2017-05-18 10:25:00.0000',45.165,45.18,45.12,45.15,11142,'NULL'),(56,'AAOI@NASDAQ','AAOI','2017-05-18 10:25:00.0000',63.02,63.12,62.9194,62.9194,17861,'NULL'),(57,'AAAP@NASDAQ','AAAP','2017-05-18 10:26:00.0000',36.19,36.22,36.19,36.22,200,'NULL'),(57,'AAL@NASDAQ','AAL','2017-05-18 10:26:00.0000',45.15,45.175,45.13,45.17,26603,'NULL'),(57,'AAOI@NASDAQ','AAOI','2017-05-18 10:26:00.0000',63.06,63.06,63,63.01,3100,'NULL'),(58,'AAAP@NASDAQ','AAAP','2017-05-18 10:27:00.0000',36.35,36.35,36.35,36.35,100,'NULL'),(58,'AAL@NASDAQ','AAL','2017-05-18 10:27:00.0000',45.27,45.2746,45.16,45.16,6820,'NULL'),(58,'AAOI@NASDAQ','AAOI','2017-05-18 10:27:00.0000',63.355,63.4,63,63.0239,46735,'NULL'),(59,'AAAP@NASDAQ','AAAP','2017-05-18 10:28:00.0000',36.35,36.35,36.19,36.2,300,'NULL'),(59,'AAL@NASDAQ','AAL','2017-05-18 10:28:00.0000',45.276,45.285,45.24,45.27,10733,'NULL'),(59,'AAOI@NASDAQ','AAOI','2017-05-18 10:28:00.0000',63.41,63.41,63.24,63.32,11779,'NULL'),(60,'AAAP@NASDAQ','AAAP','2017-05-18 10:29:00.0000',36.18,36.35,36.18,36.31,600,'NULL'),(60,'AAL@NASDAQ','AAL','2017-05-18 10:29:00.0000',45.3,45.3299,45.285,45.285,25826,'NULL'),(60,'AAOI@NASDAQ','AAOI','2017-05-18 10:29:00.0000',63.3999,63.46,63.36,63.37,17879,'NULL'),(61,'AAAP@NASDAQ','AAAP','2017-05-19 09:46:00.0000',36.4093,36.4093,36.4093,36.4093,100,'NULL'),(61,'AAL@NASDAQ','AAL','2017-05-18 10:30:00.0000',45.25,45.314,45.25,45.3,8186,'NULL'),(61,'AAOI@NASDAQ','AAOI','2017-05-18 10:30:00.0000',63.4009,63.57,63.2925,63.2925,12174,'NULL'),(62,'AAAP@NASDAQ','AAAP','2017-05-19 09:47:00.0000',36.69,36.69,36.69,36.69,100,'NULL'),(62,'AAL@NASDAQ','AAL','2017-05-18 10:31:00.0000',45.3,45.3,45.234,45.234,6581,'NULL'),(62,'AAOI@NASDAQ','AAOI','2017-05-18 10:31:00.0000',63.47,63.48,63.2801,63.2801,2220,'NULL'),(63,'AAAP@NASDAQ','AAAP','2017-05-19 09:48:00.0000',36.4783,36.4783,36.4783,36.4783,1500,'NULL'),(63,'AAL@NASDAQ','AAL','2017-05-18 10:32:00.0000',45.33,45.34,45.31,45.31,9597,'NULL'),(63,'AAOI@NASDAQ','AAOI','2017-05-18 10:32:00.0000',63.5798,63.61,63.44,63.44,9781,'NULL'),(64,'AAAP@NASDAQ','AAAP','2017-05-19 09:49:00.0000',36.41,36.41,36.18,36.27,545,'NULL'),(64,'AAL@NASDAQ','AAL','2017-05-18 10:33:00.0000',45.28,45.33,45.27,45.32,7025,'NULL'),(65,'AAAP@NASDAQ','AAAP','2017-05-19 09:50:00.0000',36.18,36.32,35.86,36.18,1100,'NULL'),(65,'AAL@NASDAQ','AAL','2017-05-18 10:34:00.0000',45.33,45.33,45.29,45.29,4100,'NULL'),(66,'AAAP@NASDAQ','AAAP','2017-05-19 09:51:00.0000',36.38,36.38,36.18,36.19,700,'NULL'),(66,'AAL@NASDAQ','AAL','2017-05-18 10:35:00.0000',45.34,45.37,45.31,45.335,9508,'NULL'),(67,'AAAP@NASDAQ','AAAP','2017-05-19 09:52:00.0000',36.42,36.42,36.42,36.42,200,'NULL'),(67,'AAL@NASDAQ','AAL','2017-05-18 10:36:00.0000',45.38,45.38,45.34,45.345,8972,'NULL'),(68,'AAAP@NASDAQ','AAAP','2017-05-19 09:53:00.0000',36.4,36.4,36.2384,36.2384,617,'NULL'),(68,'AAL@NASDAQ','AAL','2017-05-18 10:37:00.0000',45.36,45.4,45.35,45.39,6955,'NULL'),(69,'AAAP@NASDAQ','AAAP','2017-05-19 09:54:00.0000',36.42,36.42,36.42,36.42,100,'NULL'),(69,'AAL@NASDAQ','AAL','2017-05-18 10:38:00.0000',45.33,45.39,45.3248,45.3683,10098,'NULL'),(70,'AAAP@NASDAQ','AAAP','2017-05-19 09:55:00.0000',36.62,36.62,36.45,36.45,200,'NULL'),(70,'AAL@NASDAQ','AAL','2017-05-18 10:39:00.0000',45.32,45.38,45.2937,45.33,16335,'NULL'),(71,'AAAP@NASDAQ','AAAP','2017-05-19 09:56:00.0000',36.5,36.5,36.49,36.49,300,'NULL'),(71,'AAL@NASDAQ','AAL','2017-05-18 10:40:00.0000',45.26,45.325,45.26,45.325,4045,'NULL'),(72,'AAAP@NASDAQ','AAAP','2017-05-19 09:57:00.0000',36.5,36.5,36.5,36.5,1300,'NULL'),(72,'AAL@NASDAQ','AAL','2017-05-18 10:41:00.0000',45.26,45.28,45.26,45.26,3331,'NULL'),(73,'AAAP@NASDAQ','AAAP','2017-05-19 09:58:00.0000',36.5,36.5,36.5,36.5,600,'NULL'),(73,'AAL@NASDAQ','AAL','2017-05-18 10:42:00.0000',45.15,45.2661,45.15,45.2598,10586,'NULL'),(74,'AAAP@NASDAQ','AAAP','2017-05-19 09:59:00.0000',36.3163,36.63,36.3163,36.5,1800,'NULL'),(74,'AAL@NASDAQ','AAL','2017-05-18 10:43:00.0000',45.13,45.15,45.12,45.15,8834,'NULL'),(75,'AAAP@NASDAQ','AAAP','2017-05-19 10:00:00.0000',36.55,36.55,36.55,36.55,100,'NULL'),(75,'AAL@NASDAQ','AAL','2017-05-18 10:44:00.0000',45.045,45.13,45.03,45.13,16020,'NULL'),(76,'AAAP@NASDAQ','AAAP','2017-05-19 10:01:00.0000',36.49,36.49,36.49,36.49,100,'NULL'),(76,'AAL@NASDAQ','AAL','2017-05-18 10:45:00.0000',45.05,45.07,45.04,45.05,7755,'NULL'),(77,'AAAP@NASDAQ','AAAP','2017-05-19 10:02:00.0000',36.5,36.5,36.5,36.5,100,'NULL'),(77,'AAL@NASDAQ','AAL','2017-05-18 10:46:00.0000',45.023,45.06,45.022,45.06,15423,'NULL'),(78,'AAAP@NASDAQ','AAAP','2017-05-19 10:03:00.0000',36.5,36.5,36.49,36.49,300,'NULL'),(78,'AAL@NASDAQ','AAL','2017-05-18 10:47:00.0000',45.01,45.04,45,45.02,8708,'NULL'),(79,'AAAP@NASDAQ','AAAP','2017-05-19 10:04:00.0000',36.56,36.56,36.56,36.56,100,'NULL'),(79,'AAL@NASDAQ','AAL','2017-05-18 10:48:00.0000',44.99,45.04,44.99,45.02,16710,'NULL'),(80,'AAAP@NASDAQ','AAAP','2017-05-19 10:05:00.0000',36.49,36.5,36.49,36.49,600,'NULL'),(80,'AAL@NASDAQ','AAL','2017-05-18 10:49:00.0000',44.995,45.01,44.99,44.99,6214,'NULL'),(81,'AAAP@NASDAQ','AAAP','2017-05-19 10:06:00.0000',36.5,36.5,36.5,36.5,200,'NULL'),(81,'AAL@NASDAQ','AAL','2017-05-18 10:50:00.0000',45.01,45.03,44.995,45,11018,'NULL'),(82,'AAAP@NASDAQ','AAAP','2017-05-19 10:07:00.0000',36.51,36.51,36.49,36.49,400,'NULL'),(82,'AAL@NASDAQ','AAL','2017-05-18 10:51:00.0000',45.05,45.05,45.01,45.01,33010,'NULL'),(83,'AAAP@NASDAQ','AAAP','2017-05-19 10:08:00.0000',36.53,36.53,36.53,36.53,100,'NULL'),(83,'AAL@NASDAQ','AAL','2017-05-18 10:52:00.0000',45.07,45.07,45.04,45.06,12019,'NULL'),(84,'AAAP@NASDAQ','AAAP','2017-05-19 10:09:00.0000',36.53,36.53,36.53,36.53,200,'NULL'),(84,'AAL@NASDAQ','AAL','2017-05-18 10:53:00.0000',45.05,45.1,45.04,45.07,14011,'NULL'),(85,'AAAP@NASDAQ','AAAP','2017-05-19 10:10:00.0000',36.46,36.51,36.41,36.49,900,'NULL'),(85,'AAL@NASDAQ','AAL','2017-05-18 10:54:00.0000',45.08,45.08,45.06,45.06,9876,'NULL'),(86,'AAAP@NASDAQ','AAAP','2017-05-19 10:11:00.0000',36.49,36.49,36.49,36.49,400,'NULL'),(86,'AAL@NASDAQ','AAL','2017-05-18 10:55:00.0000',45.13,45.17,45.07,45.075,38730,'NULL'),(87,'AAAP@NASDAQ','AAAP','2017-05-19 10:12:00.0000',36.49,36.49,36.49,36.49,300,'NULL'),(87,'AAL@NASDAQ','AAL','2017-05-18 10:56:00.0000',45.185,45.21,45.14,45.14,22819,'NULL'),(88,'AAAP@NASDAQ','AAAP','2017-05-19 10:13:00.0000',36.49,36.49,36.49,36.49,300,'NULL'),(88,'AAL@NASDAQ','AAL','2017-05-18 10:57:00.0000',45.195,45.2298,45.175,45.185,8450,'NULL'),(89,'AAAP@NASDAQ','AAAP','2017-05-19 10:14:00.0000',36.5,36.5,36.5,36.5,100,'NULL'),(89,'AAL@NASDAQ','AAL','2017-05-18 10:58:00.0000',45.19,45.2,45.19,45.195,4605,'NULL'),(90,'AAAP@NASDAQ','AAAP','2017-05-19 10:15:00.0000',36.45,36.51,36.45,36.4712,1300,'NULL'),(90,'AAL@NASDAQ','AAL','2017-05-18 10:59:00.0000',45.23,45.25,45.2,45.2,9429,'NULL'),(91,'AAAP@NASDAQ','AAAP','2017-05-19 10:16:00.0000',36.51,36.51,36.51,36.51,100,'NULL'),(91,'AAL@NASDAQ','AAL','2017-05-18 11:00:00.0000',45.2,45.21,45.195,45.21,15677,'NULL'),(92,'AAAP@NASDAQ','AAAP','2017-05-19 10:17:00.0000',36.51,36.51,36.51,36.51,100,'NULL'),(92,'AAL@NASDAQ','AAL','2017-05-18 11:01:00.0000',45.195,45.22,45.19,45.2,12034,'NULL'),(93,'AAAP@NASDAQ','AAAP','2017-05-19 10:18:00.0000',36.5,36.5,36.49,36.49,300,'NULL'),(93,'AAL@NASDAQ','AAL','2017-05-18 11:02:00.0000',45.2,45.22,45.195,45.2,13233,'NULL'),(94,'AAAP@NASDAQ','AAAP','2017-05-19 10:19:00.0000',36.5,36.5,36.5,36.5,300,'NULL'),(94,'AAL@NASDAQ','AAL','2017-05-18 11:03:00.0000',45.28,45.29,45.21,45.21,13334,'NULL'),(95,'AAAP@NASDAQ','AAAP','2017-05-19 10:20:00.0000',36.51,36.51,36.51,36.51,200,'NULL'),(95,'AAL@NASDAQ','AAL','2017-05-18 11:04:00.0000',45.315,45.33,45.27,45.28,23596,'NULL'),(96,'AAAP@NASDAQ','AAAP','2017-05-19 10:21:00.0000',36.51,36.51,36.51,36.51,100,'NULL'),(96,'AAL@NASDAQ','AAL','2017-05-18 11:05:00.0000',45.34,45.34,45.315,45.32,6111,'NULL'),(97,'AAAP@NASDAQ','AAAP','2017-05-19 10:22:00.0000',36.53,36.53,36.53,36.53,100,'NULL'),(97,'AAL@NASDAQ','AAL','2017-05-18 11:06:00.0000',45.31,45.35,45.3,45.34,7214,'NULL'),(98,'AAAP@NASDAQ','AAAP','2017-05-19 10:23:00.0000',36.55,36.55,36.55,36.55,263,'NULL'),(98,'AAL@NASDAQ','AAL','2017-05-18 11:07:00.0000',45.28,45.31,45.26,45.31,6783,'NULL'),(99,'AAAP@NASDAQ','AAAP','2017-05-19 10:24:00.0000',36.53,36.53,36.53,36.53,100,'NULL'),(99,'AAL@NASDAQ','AAL','2017-05-18 11:08:00.0000',45.23,45.28,45.23,45.262,5600,'NULL'),(100,'AAAP@NASDAQ','AAAP','2017-05-19 10:25:00.0000',36.56,36.56,36.56,36.56,100,'NULL'),(100,'AAL@NASDAQ','AAL','2017-05-18 11:09:00.0000',45.22,45.239,45.22,45.23,4642,'NULL'),(101,'AAAP@NASDAQ','AAAP','2017-05-19 10:26:00.0000',36.56,36.56,36.56,36.56,200,'NULL'),(101,'AAL@NASDAQ','AAL','2017-05-18 11:10:00.0000',45.24,45.26,45.2188,45.22,4426,'NULL'),(102,'AAAP@NASDAQ','AAAP','2017-05-19 10:27:00.0000',36.65,36.65,36.5642,36.59,5100,'NULL'),(102,'AAL@NASDAQ','AAL','2017-05-18 11:11:00.0000',45.21,45.275,45.2,45.25,5300,'NULL'),(103,'AAAP@NASDAQ','AAAP','2017-05-19 10:28:00.0000',36.8,36.83,36.73,36.73,660,'NULL'),(103,'AAL@NASDAQ','AAL','2017-05-18 11:12:00.0000',45.26,45.27,45.22,45.22,5000,'NULL'),(104,'AAAP@NASDAQ','AAAP','2017-05-19 10:29:00.0000',36.65,36.65,36.65,36.65,100,'NULL'),(104,'AAL@NASDAQ','AAL','2017-05-18 11:13:00.0000',45.22,45.25,45.22,45.25,2787,'NULL'),(105,'AAAP@NASDAQ','AAAP','2017-05-19 10:30:00.0000',36.82,36.82,36.82,36.82,100,'NULL'),(105,'AAL@NASDAQ','AAL','2017-05-18 11:14:00.0000',45.18,45.225,45.18,45.225,8594,'NULL'),(106,'AAAP@NASDAQ','AAAP','2017-05-19 10:31:00.0000',36.83,36.83,36.83,36.83,100,'NULL'),(106,'AAL@NASDAQ','AAL','2017-05-18 11:15:00.0000',45.18,45.18,45.15,45.17,10118,'NULL'),(107,'AAAP@NASDAQ','AAAP','2017-05-19 10:32:00.0000',36.91,36.91,36.91,36.91,100,'NULL'),(107,'AAL@NASDAQ','AAL','2017-05-18 11:16:00.0000',45.24,45.26,45.18,45.187,14546,'NULL'),(108,'AAAP@NASDAQ','AAAP','2017-05-19 10:33:00.0000',36.91,36.91,36.9,36.9,200,'NULL'),(108,'AAL@NASDAQ','AAL','2017-05-18 11:17:00.0000',45.22,45.245,45.182,45.24,8527,'NULL'),(109,'AAAP@NASDAQ','AAAP','2017-05-19 10:34:00.0000',36.98,36.98,36.98,36.98,100,'NULL'),(109,'AAL@NASDAQ','AAL','2017-05-18 11:18:00.0000',45.25,45.25,45.229,45.229,2900,'NULL'),(110,'AAAP@NASDAQ','AAAP','2017-05-19 10:35:00.0000',36.785,36.785,36.785,36.785,100,'NULL'),(110,'AAL@NASDAQ','AAL','2017-05-18 11:19:00.0000',45.2349,45.26,45.2349,45.25,4053,'NULL'),(111,'AAAP@NASDAQ','AAAP','2017-05-19 10:36:00.0000',36.98,36.98,36.755,36.755,200,'NULL'),(111,'AAL@NASDAQ','AAL','2017-05-18 11:20:00.0000',45.219,45.27,45.219,45.2383,7525,'NULL'),(112,'AAAP@NASDAQ','AAAP','2017-05-19 10:37:00.0000',36.81,36.81,36.81,36.81,100,'NULL'),(112,'AAL@NASDAQ','AAL','2017-05-18 11:21:00.0000',45.24,45.24,45.21,45.21,4112,'NULL'),(113,'AAAP@NASDAQ','AAAP','2017-05-19 10:38:00.0000',36.97,36.97,36.97,36.97,100,'NULL'),(113,'AAL@NASDAQ','AAL','2017-05-18 11:22:00.0000',45.24,45.25,45.22,45.25,4205,'NULL'),(114,'AAAP@NASDAQ','AAAP','2017-05-19 10:39:00.0000',36.8,36.98,36.78,36.98,1647,'NULL'),(114,'AAL@NASDAQ','AAL','2017-05-18 11:23:00.0000',45.23,45.24,45.22,45.24,3505,'NULL'),(115,'AAAP@NASDAQ','AAAP','2017-05-19 10:40:00.0000',36.78,36.78,36.78,36.78,100,'NULL'),(115,'AAL@NASDAQ','AAL','2017-05-18 11:24:00.0000',45.28,45.2899,45.24,45.24,5036,'NULL'),(116,'AAAP@NASDAQ','AAAP','2017-05-19 10:41:00.0000',36.74,36.78,36.74,36.775,400,'NULL'),(116,'AAL@NASDAQ','AAL','2017-05-18 11:25:00.0000',45.31,45.32,45.29,45.29,9031,'NULL'),(117,'AAAP@NASDAQ','AAAP','2017-05-19 10:42:00.0000',36.76,36.76,36.76,36.76,400,'NULL'),(117,'AAL@NASDAQ','AAL','2017-05-18 11:26:00.0000',45.29,45.32,45.29,45.32,1800,'NULL'),(118,'AAAP@NASDAQ','AAAP','2017-05-19 10:43:00.0000',36.64,36.64,36.64,36.64,100,'NULL'),(118,'AAL@NASDAQ','AAL','2017-05-18 11:27:00.0000',45.24,45.289,45.23,45.28,6865,'NULL'),(119,'AAAP@NASDAQ','AAAP','2017-05-19 10:44:00.0000',36.79,36.79,36.79,36.79,100,'NULL'),(119,'AAL@NASDAQ','AAL','2017-05-18 11:28:00.0000',45.29,45.3,45.245,45.245,5949,'NULL'),(120,'AAAP@NASDAQ','AAAP','2017-05-19 10:45:00.0000',36.73,36.73,36.73,36.73,100,'NULL'),(120,'AAL@NASDAQ','AAL','2017-05-18 11:29:00.0000',45.2834,45.31,45.28,45.29,3700,'NULL'),(121,'AAAP@NASDAQ','AAAP','2017-05-19 10:46:00.0000',36.72,36.72,36.72,36.72,125,'NULL'),(121,'AAL@NASDAQ','AAL','2017-05-18 11:30:00.0000',45.26,45.28,45.26,45.28,2200,'NULL'),(122,'AAAP@NASDAQ','AAAP','2017-05-19 10:47:00.0000',36.65,36.65,36.65,36.65,100,'NULL'),(122,'AAL@NASDAQ','AAL','2017-05-18 11:31:00.0000',45.28,45.3,45.26,45.27,8496,'NULL'),(123,'AAAP@NASDAQ','AAAP','2017-05-19 10:48:00.0000',36.56,36.56,36.56,36.56,100,'NULL'),(123,'AAL@NASDAQ','AAL','2017-05-18 11:32:00.0000',45.32,45.32,45.28,45.28,4088,'NULL'),(124,'AAAP@NASDAQ','AAAP','2017-05-19 10:49:00.0000',36.63,36.63,36.63,36.63,300,'NULL'),(124,'AAL@NASDAQ','AAL','2017-05-18 11:33:00.0000',45.32,45.325,45.27,45.31,8858,'NULL'),(125,'AAAP@NASDAQ','AAAP','2017-05-19 10:50:00.0000',36.6,36.63,36.6,36.63,200,'NULL'),(125,'AAL@NASDAQ','AAL','2017-05-18 11:34:00.0000',45.29,45.33,45.29,45.3198,4000,'NULL'),(126,'AAAP@NASDAQ','AAAP','2017-05-19 10:51:00.0000',36.63,36.63,36.63,36.63,100,'NULL'),(126,'AAL@NASDAQ','AAL','2017-05-18 11:35:00.0000',45.2963,45.2963,45.28,45.29,1620,'NULL'),(127,'AAAP@NASDAQ','AAAP','2017-05-19 10:52:00.0000',36.49,36.55,36.49,36.55,500,'NULL'),(127,'AAL@NASDAQ','AAL','2017-05-18 11:36:00.0000',45.21,45.29,45.19,45.29,12484,'NULL'),(128,'AAAP@NASDAQ','AAAP','2017-05-19 10:53:00.0000',36.46,36.46,36.46,36.46,300,'NULL'),(128,'AAL@NASDAQ','AAL','2017-05-18 11:37:00.0000',45.202,45.2152,45.19,45.2152,2245,'NULL'),(129,'AAAP@NASDAQ','AAAP','2017-05-19 10:54:00.0000',36.41,36.41,36.41,36.41,100,'NULL'),(129,'AAL@NASDAQ','AAL','2017-05-18 11:38:00.0000',45.19,45.235,45.19,45.22,4901,'NULL'),(130,'AAAP@NASDAQ','AAAP','2017-05-19 10:55:00.0000',36.5,36.5,36.5,36.5,100,'NULL'),(130,'AAL@NASDAQ','AAL','2017-05-18 11:39:00.0000',45.19,45.21,45.19,45.19,4200,'NULL'),(131,'AAAP@NASDAQ','AAAP','2017-05-19 10:56:00.0000',36.51,36.51,36.51,36.51,100,'NULL'),(131,'AAL@NASDAQ','AAL','2017-05-18 11:40:00.0000',45.1,45.2013,45.1,45.2013,13249,'NULL'),(132,'AAAP@NASDAQ','AAAP','2017-05-19 10:57:00.0000',36.51,36.51,36.49,36.49,300,'NULL'),(132,'AAL@NASDAQ','AAL','2017-05-18 11:41:00.0000',45.04,45.11,45.04,45.11,7004,'NULL'),(133,'AAAP@NASDAQ','AAAP','2017-05-19 10:58:00.0000',36.45,36.45,36.42,36.42,300,'NULL'),(133,'AAL@NASDAQ','AAL','2017-05-18 11:42:00.0000',45.05,45.08,45.05,45.06,4052,'NULL'),(134,'AAAP@NASDAQ','AAAP','2017-05-19 10:59:00.0000',36.48,36.48,36.47,36.48,400,'NULL'),(134,'AAL@NASDAQ','AAL','2017-05-18 11:43:00.0000',45.04,45.06,45.022,45.05,5635,'NULL'),(135,'AAAP@NASDAQ','AAAP','2017-05-19 11:00:00.0000',36.45,36.45,36.45,36.45,200,'NULL'),(135,'AAL@NASDAQ','AAL','2017-05-18 11:44:00.0000',45.02,45.03,44.99,45.03,8698,'NULL'),(136,'AAAP@NASDAQ','AAAP','2017-05-19 11:01:00.0000',36.44,36.44,36.44,36.44,100,'NULL'),(136,'AAL@NASDAQ','AAL','2017-05-18 11:45:00.0000',45,45.03,44.99,45.025,12408,'NULL'),(137,'AAAP@NASDAQ','AAAP','2017-05-19 11:02:00.0000',36.44,36.44,36.44,36.44,100,'NULL'),(137,'AAL@NASDAQ','AAL','2017-05-18 11:46:00.0000',45.02,45.03,45,45.01,2937,'NULL'),(138,'AAAP@NASDAQ','AAAP','2017-05-19 11:03:00.0000',36.48,36.48,36.45,36.45,500,'NULL'),(138,'AAL@NASDAQ','AAL','2017-05-18 11:47:00.0000',45.09,45.09,45.03,45.03,4762,'NULL'),(139,'AAAP@NASDAQ','AAAP','2017-05-19 11:04:00.0000',36.43,36.54,36.43,36.53,300,'NULL'),(139,'AAL@NASDAQ','AAL','2017-05-18 11:48:00.0000',45.12,45.125,45.08,45.09,2589,'NULL'),(140,'AAAP@NASDAQ','AAAP','2017-05-19 11:05:00.0000',36.53,36.53,36.53,36.53,100,'NULL'),(140,'AAL@NASDAQ','AAL','2017-05-18 11:49:00.0000',45.15,45.16,45.111,45.12,6737,'NULL'),(141,'AAAP@NASDAQ','AAAP','2017-05-19 11:06:00.0000',36.41,36.54,36.41,36.54,700,'NULL'),(141,'AAL@NASDAQ','AAL','2017-05-18 11:50:00.0000',45.12,45.145,45.11,45.14,4592,'NULL'),(142,'AAAP@NASDAQ','AAAP','2017-05-19 11:07:00.0000',36.3,36.3,36.3,36.3,100,'NULL'),(142,'AAL@NASDAQ','AAL','2017-05-18 11:51:00.0000',45.09,45.13,45.08,45.12,2935,'NULL'),(143,'AAAP@NASDAQ','AAAP','2017-05-19 11:08:00.0000',36.49,36.49,36.49,36.49,300,'NULL'),(143,'AAL@NASDAQ','AAL','2017-05-18 11:52:00.0000',45.0605,45.09,45.06,45.08,1037,'NULL'),(144,'AAAP@NASDAQ','AAAP','2017-05-19 11:09:00.0000',36.56,36.56,36.5,36.5,845,'NULL'),(144,'AAL@NASDAQ','AAL','2017-05-18 11:53:00.0000',45.11,45.12,45.07,45.07,18044,'NULL'),(145,'AAL@NASDAQ','AAL','2017-05-18 11:54:00.0000',45.06,45.119,45.06,45.119,5976,'NULL'),(146,'AAL@NASDAQ','AAL','2017-05-18 11:55:00.0000',45.01,45.06,45.01,45.06,1600,'NULL'),(147,'AAL@NASDAQ','AAL','2017-05-18 11:56:00.0000',45.04,45.04,45.02,45.02,3100,'NULL'),(148,'AAL@NASDAQ','AAL','2017-05-18 11:57:00.0000',45.01,45.04,45,45.04,3150,'NULL'),(149,'AAL@NASDAQ','AAL','2017-05-18 11:58:00.0000',44.99,45.01,44.99,45,13972,'NULL'),(150,'AAL@NASDAQ','AAL','2017-05-18 11:59:00.0000',45,45.01,44.99,45,6586,'NULL'),(151,'AAL@NASDAQ','AAL','2017-05-18 12:00:00.0000',45,45,44.98,44.99,10812,'NULL'),(152,'AAL@NASDAQ','AAL','2017-05-18 12:01:00.0000',45,45.02,44.99,44.99,11456,'NULL'),(153,'AAL@NASDAQ','AAL','2017-05-18 12:02:00.0000',45.02,45.03,45,45,4392,'NULL'),(154,'AAL@NASDAQ','AAL','2017-05-18 12:03:00.0000',44.995,45.02,44.99,45.015,9667,'NULL'),(155,'AAL@NASDAQ','AAL','2017-05-18 12:04:00.0000',44.99,45.01,44.98,44.99,9273,'NULL'),(156,'AAL@NASDAQ','AAL','2017-05-18 12:05:00.0000',44.99,45,44.98,44.99,12310,'NULL'),(157,'AAL@NASDAQ','AAL','2017-05-18 12:06:00.0000',45.02,45.02,44.98,44.99,9000,'NULL'),(158,'AAL@NASDAQ','AAL','2017-05-18 12:07:00.0000',45.02,45.03,45.01,45.0246,6901,'NULL'),(159,'AAL@NASDAQ','AAL','2017-05-18 12:08:00.0000',44.97,45.06,44.97,45.03,8400,'NULL'),(160,'AAL@NASDAQ','AAL','2017-05-18 12:09:00.0000',44.92,44.97,44.92,44.96,11549,'NULL'),(161,'AAL@NASDAQ','AAL','2017-05-18 12:10:00.0000',44.96,44.9706,44.922,44.922,6779,'NULL'),(162,'AAL@NASDAQ','AAL','2017-05-18 12:11:00.0000',44.99,45.01,44.96,44.96,19380,'NULL'),(163,'AAL@NASDAQ','AAL','2017-05-18 12:12:00.0000',44.98,45.01,44.97,44.99,3100,'NULL'),(164,'AAL@NASDAQ','AAL','2017-05-18 12:13:00.0000',44.96,45,44.96,44.979,11000,'NULL'),(165,'AAL@NASDAQ','AAL','2017-05-18 12:14:00.0000',44.93,44.965,44.91,44.96,19374,'NULL'),(166,'AAL@NASDAQ','AAL','2017-05-18 12:15:00.0000',44.93,44.94,44.92,44.925,2900,'NULL'),(167,'AAL@NASDAQ','AAL','2017-05-18 12:16:00.0000',44.94,44.96,44.94,44.94,4961,'NULL'),(168,'AAL@NASDAQ','AAL','2017-05-18 12:17:00.0000',44.92,44.98,44.9,44.93,15412,'NULL'),(169,'AAL@NASDAQ','AAL','2017-05-18 12:18:00.0000',44.98,44.98,44.92,44.92,7150,'NULL'),(170,'AAL@NASDAQ','AAL','2017-05-18 12:19:00.0000',44.94,44.99,44.9,44.99,10996,'NULL'),(171,'AAL@NASDAQ','AAL','2017-05-18 12:20:00.0000',44.92,44.94,44.89,44.94,6193,'NULL'),(172,'AAL@NASDAQ','AAL','2017-05-18 12:21:00.0000',44.94,44.96,44.92,44.93,6379,'NULL'),(173,'AAL@NASDAQ','AAL','2017-05-18 12:22:00.0000',44.95,44.96,44.94,44.95,6284,'NULL'),(174,'AAL@NASDAQ','AAL','2017-05-18 12:23:00.0000',44.95,44.96,44.935,44.95,6400,'NULL'),(175,'AAL@NASDAQ','AAL','2017-05-18 12:24:00.0000',44.95,44.97,44.95,44.955,5900,'NULL'),(176,'AAL@NASDAQ','AAL','2017-05-18 12:25:00.0000',45.02,45.02,44.96,44.96,19446,'NULL'),(177,'AAL@NASDAQ','AAL','2017-05-18 12:26:00.0000',45.03,45.03,45,45.01,43753,'NULL'),(178,'AAL@NASDAQ','AAL','2017-05-18 12:27:00.0000',45.04,45.07,45.03,45.03,4900,'NULL'),(179,'AAL@NASDAQ','AAL','2017-05-18 12:28:00.0000',45.01,45.04,45.01,45.04,3200,'NULL'),(180,'AAL@NASDAQ','AAL','2017-05-18 12:29:00.0000',45.01,45.02,44.99,45,9574,'NULL'),(181,'AAL@NASDAQ','AAL','2017-05-18 12:30:00.0000',44.98,45.02,44.98,45.002,21791,'NULL'),(182,'AAL@NASDAQ','AAL','2017-05-18 12:31:00.0000',45.01,45.02,44.99,44.99,8571,'NULL'),(183,'AAL@NASDAQ','AAL','2017-05-18 12:32:00.0000',45.005,45.02,44.995,45.01,10137,'NULL'),(184,'AAL@NASDAQ','AAL','2017-05-18 12:33:00.0000',45,45.03,45,45.01,12580,'NULL'),(185,'AAL@NASDAQ','AAL','2017-05-18 12:34:00.0000',45.02,45.04,44.971,44.99,42749,'NULL'),(186,'AAL@NASDAQ','AAL','2017-05-18 12:35:00.0000',44.97,45.02,44.97,45.02,19310,'NULL'),(187,'AAL@NASDAQ','AAL','2017-05-18 12:36:00.0000',45,45.01,44.99,44.99,2990,'NULL'),(188,'AAL@NASDAQ','AAL','2017-05-18 12:37:00.0000',45.01,45.03,45,45.01,4696,'NULL'),(189,'AAL@NASDAQ','AAL','2017-05-18 12:38:00.0000',44.93,45.03,44.93,45.02,7579,'NULL'),(190,'AAL@NASDAQ','AAL','2017-05-18 12:39:00.0000',44.96,44.97,44.93,44.93,3134,'NULL'),(191,'AAL@NASDAQ','AAL','2017-05-18 12:40:00.0000',44.93,44.99,44.925,44.96,7300,'NULL'),(192,'AAL@NASDAQ','AAL','2017-05-18 12:41:00.0000',44.92,44.92,44.88,44.92,4800,'NULL'),(193,'AAL@NASDAQ','AAL','2017-05-18 12:42:00.0000',44.82,44.92,44.82,44.9,22610,'NULL'),(194,'AAL@NASDAQ','AAL','2017-05-18 12:43:00.0000',44.71,44.821,44.7,44.82,46798,'NULL'),(195,'AAL@NASDAQ','AAL','2017-05-18 12:44:00.0000',44.73,44.75,44.73,44.73,9100,'NULL'),(196,'AAL@NASDAQ','AAL','2017-05-18 12:45:00.0000',44.68,44.72,44.66,44.72,14400,'NULL'),(197,'AAL@NASDAQ','AAL','2017-05-18 12:46:00.0000',44.685,44.7,44.6,44.69,46198,'NULL'),(198,'AAL@NASDAQ','AAL','2017-05-18 12:47:00.0000',44.74,44.75,44.67,44.675,5500,'NULL'),(199,'AAL@NASDAQ','AAL','2017-05-18 12:48:00.0000',44.71,44.74,44.7,44.74,5100,'NULL'),(200,'AAL@NASDAQ','AAL','2017-05-18 12:49:00.0000',44.74,44.74,44.71,44.71,5935,'NULL'),(201,'AAL@NASDAQ','AAL','2017-05-18 12:50:00.0000',44.74,44.75,44.73,44.74,4842,'NULL'),(202,'AAL@NASDAQ','AAL','2017-05-18 12:51:00.0000',44.735,44.75,44.72,44.74,5300,'NULL'),(203,'AAL@NASDAQ','AAL','2017-05-18 12:52:00.0000',44.7,44.73,44.68,44.73,7027,'NULL'),(204,'AAL@NASDAQ','AAL','2017-05-18 12:53:00.0000',44.72,44.735,44.67,44.67,5225,'NULL'),(205,'AAL@NASDAQ','AAL','2017-05-18 12:54:00.0000',44.72,44.75,44.71,44.72,6830,'NULL'),(206,'AAL@NASDAQ','AAL','2017-05-18 12:55:00.0000',44.74,44.74,44.71,44.71,4445,'NULL'),(207,'AAL@NASDAQ','AAL','2017-05-18 12:56:00.0000',44.72,44.75,44.71,44.74,7025,'NULL'),(208,'AAL@NASDAQ','AAL','2017-05-18 12:57:00.0000',44.71,44.725,44.71,44.71,3243,'NULL'),(209,'AAL@NASDAQ','AAL','2017-05-18 12:58:00.0000',44.72,44.72,44.7,44.7,8495,'NULL'),(210,'AAL@NASDAQ','AAL','2017-05-18 12:59:00.0000',44.74,44.75,44.72,44.73,8478,'NULL'),(211,'AAL@NASDAQ','AAL','2017-05-18 13:00:00.0000',44.74,44.75,44.72,44.74,8250,'NULL'),(212,'AAL@NASDAQ','AAL','2017-05-18 13:01:00.0000',44.73,44.75,44.73,44.74,8943,'NULL'),(213,'AAL@NASDAQ','AAL','2017-05-18 13:02:00.0000',44.73,44.74,44.73,44.73,7966,'NULL'),(214,'AAL@NASDAQ','AAL','2017-05-18 13:03:00.0000',44.73,44.74,44.69,44.73,12399,'NULL'),(215,'AAL@NASDAQ','AAL','2017-05-18 13:04:00.0000',44.74,44.74,44.72,44.74,4339,'NULL'),(216,'AAL@NASDAQ','AAL','2017-05-18 13:05:00.0000',44.69,44.74,44.69,44.735,5797,'NULL'),(217,'AAL@NASDAQ','AAL','2017-05-18 13:06:00.0000',44.6999,44.7,44.67,44.7,5155,'NULL'),(218,'AAL@NASDAQ','AAL','2017-05-18 13:07:00.0000',44.705,44.71,44.68,44.695,4489,'NULL'),(219,'AAL@NASDAQ','AAL','2017-05-18 13:08:00.0000',44.73,44.74,44.71,44.71,6365,'NULL'),(220,'AAL@NASDAQ','AAL','2017-05-18 13:09:00.0000',44.655,44.75,44.65,44.74,43290,'NULL'),(221,'AAL@NASDAQ','AAL','2017-05-18 13:10:00.0000',44.66,44.71,44.66,44.66,7361,'NULL'),(222,'AAL@NASDAQ','AAL','2017-05-18 13:11:00.0000',44.72,44.74,44.665,44.665,17045,'NULL'),(223,'AAL@NASDAQ','AAL','2017-05-18 13:12:00.0000',44.705,44.72,44.6914,44.72,8114,'NULL'),(224,'AAL@NASDAQ','AAL','2017-05-18 13:13:00.0000',44.72,44.72,44.7,44.71,6400,'NULL'),(225,'AAL@NASDAQ','AAL','2017-05-18 13:14:00.0000',44.71,44.74,44.71,44.73,5138,'NULL'),(226,'AAL@NASDAQ','AAL','2017-05-18 13:15:00.0000',44.71,44.73,44.7,44.71,5898,'NULL'),(227,'AAL@NASDAQ','AAL','2017-05-18 13:16:00.0000',44.67,44.73,44.64,44.71,23245,'NULL'),(228,'AAL@NASDAQ','AAL','2017-05-18 13:17:00.0000',44.6908,44.72,44.68,44.68,8324,'NULL'),(229,'AAL@NASDAQ','AAL','2017-05-18 13:18:00.0000',44.72,44.74,44.705,44.705,4500,'NULL'),(230,'AAL@NASDAQ','AAL','2017-05-18 13:19:00.0000',44.73,44.73,44.7,44.7253,6331,'NULL'),(231,'AAL@NASDAQ','AAL','2017-05-18 13:20:00.0000',44.72,44.74,44.72,44.73,5896,'NULL'),(232,'AAL@NASDAQ','AAL','2017-05-18 13:21:00.0000',44.71,44.75,44.71,44.72,21462,'NULL'),(233,'AAL@NASDAQ','AAL','2017-05-18 13:22:00.0000',44.73,44.73,44.72,44.72,2978,'NULL'),(234,'AAL@NASDAQ','AAL','2017-05-18 13:23:00.0000',44.72,44.74,44.71,44.725,4902,'NULL'),(235,'AAL@NASDAQ','AAL','2017-05-18 13:24:00.0000',44.72,44.72,44.71,44.71,4074,'NULL'),(236,'AAL@NASDAQ','AAL','2017-05-18 13:25:00.0000',44.69,44.73,44.69,44.72,8732,'NULL'),(237,'AAL@NASDAQ','AAL','2017-05-18 13:26:00.0000',44.69,44.69,44.67,44.68,8488,'NULL'),(238,'AAL@NASDAQ','AAL','2017-05-18 13:27:00.0000',44.69,44.69,44.68,44.68,4200,'NULL'),(239,'AAL@NASDAQ','AAL','2017-05-18 13:28:00.0000',44.66,44.685,44.645,44.68,17700,'NULL'),(240,'AAL@NASDAQ','AAL','2017-05-18 13:29:00.0000',44.67,44.68,44.65,44.655,7000,'NULL'),(241,'AAL@NASDAQ','AAL','2017-05-18 13:30:00.0000',44.665,44.68,44.65,44.66,6547,'NULL'),(242,'AAL@NASDAQ','AAL','2017-05-18 13:31:00.0000',44.68,44.69,44.66,44.66,5511,'NULL'),(243,'AAL@NASDAQ','AAL','2017-05-18 13:32:00.0000',44.66,44.68,44.65,44.68,5100,'NULL'),(244,'AAL@NASDAQ','AAL','2017-05-18 13:33:00.0000',44.665,44.67,44.65,44.6653,10997,'NULL'),(245,'AAL@NASDAQ','AAL','2017-05-18 13:34:00.0000',44.66,44.67,44.6464,44.67,9049,'NULL'),(246,'AAL@NASDAQ','AAL','2017-05-18 13:35:00.0000',44.7,44.705,44.67,44.67,6700,'NULL'),(247,'AAL@NASDAQ','AAL','2017-05-18 13:36:00.0000',44.69,44.7,44.66,44.7,11315,'NULL'),(248,'AAL@NASDAQ','AAL','2017-05-18 13:37:00.0000',44.6753,44.69,44.67,44.69,9320,'NULL'),(249,'AAL@NASDAQ','AAL','2017-05-18 13:38:00.0000',44.66,44.695,44.66,44.68,8147,'NULL'),(250,'AAL@NASDAQ','AAL','2017-05-18 13:39:00.0000',44.59,44.68,44.59,44.66,28952,'NULL'),(251,'AAL@NASDAQ','AAL','2017-05-18 13:40:00.0000',44.6,44.64,44.57,44.58,12347,'NULL'),(252,'AAL@NASDAQ','AAL','2017-05-18 13:41:00.0000',44.64,44.64,44.61,44.61,6416,'NULL'),(253,'AAL@NASDAQ','AAL','2017-05-18 13:42:00.0000',44.635,44.67,44.614,44.645,8663,'NULL'),(254,'AAL@NASDAQ','AAL','2017-05-18 13:43:00.0000',44.61,44.635,44.61,44.63,4651,'NULL'),(255,'AAL@NASDAQ','AAL','2017-05-18 13:44:00.0000',44.6,44.61,44.59,44.605,5539,'NULL'),(256,'AAL@NASDAQ','AAL','2017-05-18 13:45:00.0000',44.62,44.64,44.6,44.6,15600,'NULL'),(257,'AAL@NASDAQ','AAL','2017-05-18 13:46:00.0000',44.62,44.63,44.62,44.62,10210,'NULL'),(258,'AAL@NASDAQ','AAL','2017-05-18 13:47:00.0000',44.61,44.67,44.61,44.62,18818,'NULL'),(259,'AAL@NASDAQ','AAL','2017-05-18 13:48:00.0000',44.6,44.62,44.6,44.615,8861,'NULL'),(260,'AAL@NASDAQ','AAL','2017-05-18 13:49:00.0000',44.54,44.61,44.51,44.61,29498,'NULL'),(261,'AAL@NASDAQ','AAL','2017-05-18 13:50:00.0000',44.52,44.56,44.52,44.55,7250,'NULL'),(262,'AAL@NASDAQ','AAL','2017-05-18 13:51:00.0000',44.56,44.56,44.515,44.525,9855,'NULL'),(263,'AAL@NASDAQ','AAL','2017-05-18 13:52:00.0000',44.55,44.5624,44.53,44.56,18707,'NULL'),(264,'AAL@NASDAQ','AAL','2017-05-18 13:53:00.0000',44.4925,44.55,44.49,44.55,36048,'NULL'),(265,'AAL@NASDAQ','AAL','2017-05-18 13:54:00.0000',44.495,44.51,44.445,44.49,42051,'NULL'),(266,'AAL@NASDAQ','AAL','2017-05-18 13:55:00.0000',44.555,44.56,44.4976,44.5,26028,'NULL'),(267,'AAL@NASDAQ','AAL','2017-05-18 13:56:00.0000',44.61,44.61,44.54,44.56,57090,'NULL'),(268,'AAL@NASDAQ','AAL','2017-05-18 13:57:00.0000',44.62,44.62,44.58,44.61,46534,'NULL'),(269,'AAL@NASDAQ','AAL','2017-05-18 13:58:00.0000',44.65,44.65,44.6,44.6173,11900,'NULL'),(270,'AAL@NASDAQ','AAL','2017-05-18 13:59:00.0000',44.62,44.66,44.6,44.647,19479,'NULL'),(271,'AAL@NASDAQ','AAL','2017-05-18 14:00:00.0000',44.63,44.68,44.61,44.61,34591,'NULL'),(272,'AAL@NASDAQ','AAL','2017-05-18 14:01:00.0000',44.705,44.72,44.63,44.64,24011,'NULL'),(273,'AAL@NASDAQ','AAL','2017-05-18 14:02:00.0000',44.71,44.73,44.69,44.71,16469,'NULL'),(274,'AAL@NASDAQ','AAL','2017-05-18 14:03:00.0000',44.78,44.8014,44.715,44.715,26899,'NULL'),(275,'AAL@NASDAQ','AAL','2017-05-18 14:04:00.0000',44.83,44.83,44.77,44.8,9521,'NULL'),(276,'AAL@NASDAQ','AAL','2017-05-18 14:05:00.0000',44.7802,44.87,44.7695,44.84,35754,'NULL'),(277,'AAL@NASDAQ','AAL','2017-05-18 14:06:00.0000',44.77,44.8,44.77,44.79,20806,'NULL'),(278,'AAL@NASDAQ','AAL','2017-05-18 14:07:00.0000',44.76,44.78,44.75,44.76,13037,'NULL'),(279,'AAL@NASDAQ','AAL','2017-05-18 14:08:00.0000',44.77,44.79,44.75,44.75,10012,'NULL'),(280,'AAL@NASDAQ','AAL','2017-05-18 14:09:00.0000',44.83,44.84,44.7647,44.7647,6892,'NULL'),(281,'AAL@NASDAQ','AAL','2017-05-18 14:10:00.0000',44.865,44.8699,44.84,44.84,8767,'NULL'),(282,'AAL@NASDAQ','AAL','2017-05-18 14:11:00.0000',44.9,44.9,44.865,44.865,17956,'NULL'),(283,'AAL@NASDAQ','AAL','2017-05-18 14:12:00.0000',44.86,44.9,44.859,44.89,39539,'NULL'),(284,'AAL@NASDAQ','AAL','2017-05-18 14:13:00.0000',44.85,44.88,44.85,44.86,35448,'NULL'),(285,'AAL@NASDAQ','AAL','2017-05-18 14:14:00.0000',44.865,44.88,44.845,44.85,7800,'NULL'),(286,'AAL@NASDAQ','AAL','2017-05-18 14:15:00.0000',44.87,44.88,44.85,44.87,9818,'NULL'),(287,'AAL@NASDAQ','AAL','2017-05-18 14:16:00.0000',44.85,44.87,44.83,44.87,34477,'NULL'),(288,'AAL@NASDAQ','AAL','2017-05-18 14:17:00.0000',44.8306,44.8626,44.82,44.86,38428,'NULL'),(289,'AAL@NASDAQ','AAL','2017-05-18 14:18:00.0000',44.82,44.84,44.805,44.84,13489,'NULL'),(290,'AAL@NASDAQ','AAL','2017-05-18 14:19:00.0000',44.825,44.83,44.8,44.83,5441,'NULL'),(291,'AAL@NASDAQ','AAL','2017-05-18 14:20:00.0000',44.82,44.83,44.8,44.82,2359,'NULL'),(292,'AAL@NASDAQ','AAL','2017-05-18 14:21:00.0000',44.85,44.85,44.82,44.825,5380,'NULL'),(293,'AAL@NASDAQ','AAL','2017-05-18 14:22:00.0000',44.9,44.91,44.855,44.855,5363,'NULL'),(294,'AAL@NASDAQ','AAL','2017-05-18 14:23:00.0000',44.96,44.96,44.91,44.91,12106,'NULL'),(295,'AAL@NASDAQ','AAL','2017-05-18 14:24:00.0000',44.99,44.99,44.9599,44.96,15254,'NULL'),(296,'AAL@NASDAQ','AAL','2017-05-18 14:25:00.0000',45.03,45.03,44.97,44.99,18390,'NULL'),(297,'AAL@NASDAQ','AAL','2017-05-18 14:26:00.0000',45,45.03,44.99,45.026,8800,'NULL'),(298,'AAL@NASDAQ','AAL','2017-05-18 14:27:00.0000',44.99,45.03,44.99,45.01,5520,'NULL'),(299,'AAL@NASDAQ','AAL','2017-05-18 14:28:00.0000',45,45.01,44.98,45,15020,'NULL'),(300,'AAL@NASDAQ','AAL','2017-05-18 14:29:00.0000',45.001,45.01,44.99,45.01,16418,'NULL'),(301,'AAL@NASDAQ','AAL','2017-05-18 14:30:00.0000',44.9838,45.005,44.975,45.005,8775,'NULL'),(302,'AAL@NASDAQ','AAL','2017-05-18 14:31:00.0000',45.0543,45.075,44.985,44.99,20071,'NULL'),(303,'AAL@NASDAQ','AAL','2017-05-18 14:32:00.0000',45.08,45.09,45.04,45.05,23495,'NULL'),(304,'AAL@NASDAQ','AAL','2017-05-18 14:33:00.0000',45.07,45.1,45.07,45.085,8215,'NULL'),(305,'AAL@NASDAQ','AAL','2017-05-18 14:34:00.0000',45.01,45.08,45.01,45.07,5861,'NULL'),(306,'AAL@NASDAQ','AAL','2017-05-18 14:35:00.0000',44.985,45.01,44.97,45.01,7800,'NULL'),(307,'AAL@NASDAQ','AAL','2017-05-18 14:36:00.0000',44.97,44.98,44.97,44.98,3400,'NULL'),(308,'AAL@NASDAQ','AAL','2017-05-18 14:37:00.0000',44.94,44.98,44.9249,44.98,17890,'NULL'),(309,'AAL@NASDAQ','AAL','2017-05-18 14:38:00.0000',44.94,44.96,44.9,44.94,8148,'NULL'),(310,'AAL@NASDAQ','AAL','2017-05-18 14:39:00.0000',44.94,44.94,44.94,44.94,1600,'NULL'),(311,'AAL@NASDAQ','AAL','2017-05-18 14:40:00.0000',44.91,44.95,44.91,44.95,8861,'NULL'),(312,'AAL@NASDAQ','AAL','2017-05-18 14:41:00.0000',44.909,44.94,44.909,44.92,7511,'NULL'),(313,'AAL@NASDAQ','AAL','2017-05-18 14:42:00.0000',44.91,44.935,44.9,44.91,5320,'NULL'),(314,'AAL@NASDAQ','AAL','2017-05-18 14:43:00.0000',44.9,44.93,44.9,44.91,8546,'NULL'),(315,'AAL@NASDAQ','AAL','2017-05-18 14:44:00.0000',44.93,44.93,44.9,44.9,4650,'NULL'),(316,'AAL@NASDAQ','AAL','2017-05-18 14:45:00.0000',44.89,44.92,44.87,44.92,9100,'NULL'),(317,'AAL@NASDAQ','AAL','2017-05-18 14:46:00.0000',44.89,44.92,44.885,44.89,4800,'NULL'),(318,'AAL@NASDAQ','AAL','2017-05-18 14:47:00.0000',44.88,44.89,44.865,44.89,14463,'NULL'),(319,'AAL@NASDAQ','AAL','2017-05-18 14:48:00.0000',44.852,44.88,44.85,44.88,4851,'NULL'),(320,'AAL@NASDAQ','AAL','2017-05-18 14:49:00.0000',44.86,44.86,44.845,44.85,5262,'NULL'),(321,'AAL@NASDAQ','AAL','2017-05-18 14:50:00.0000',44.9,44.9,44.86,44.86,5241,'NULL'),(322,'AAL@NASDAQ','AAL','2017-05-18 14:51:00.0000',44.87,44.91,44.85,44.91,9800,'NULL'),(323,'AAL@NASDAQ','AAL','2017-05-18 14:52:00.0000',44.83,44.865,44.83,44.86,12500,'NULL'),(324,'AAL@NASDAQ','AAL','2017-05-18 14:53:00.0000',44.79,44.82,44.765,44.82,8367,'NULL'),(325,'AAL@NASDAQ','AAL','2017-05-18 14:54:00.0000',44.75,44.785,44.75,44.78,5502,'NULL'),(326,'AAL@NASDAQ','AAL','2017-05-18 14:55:00.0000',44.75,44.775,44.75,44.76,4583,'NULL'),(327,'AAL@NASDAQ','AAL','2017-05-18 14:56:00.0000',44.75,44.78,44.75,44.759,7400,'NULL'),(328,'AAL@NASDAQ','AAL','2017-05-18 14:57:00.0000',44.72,44.79,44.69,44.76,42277,'NULL'),(329,'AAL@NASDAQ','AAL','2017-05-18 14:58:00.0000',44.73,44.75,44.64,44.71,38688,'NULL'),(330,'AAL@NASDAQ','AAL','2017-05-18 14:59:00.0000',44.74,44.7499,44.72,44.72,10014,'NULL'),(331,'AAL@NASDAQ','AAL','2017-05-18 15:00:00.0000',44.75,44.78,44.73,44.74,12526,'NULL'),(332,'AAL@NASDAQ','AAL','2017-05-18 15:01:00.0000',44.805,44.805,44.755,44.755,7496,'NULL'),(333,'AAL@NASDAQ','AAL','2017-05-18 15:02:00.0000',44.83,44.86,44.8008,44.81,14545,'NULL'),(334,'AAL@NASDAQ','AAL','2017-05-18 15:03:00.0000',44.72,44.84,44.69,44.82,60792,'NULL'),(335,'AAL@NASDAQ','AAL','2017-05-18 15:04:00.0000',44.76,44.76,44.73,44.73,15592,'NULL'),(336,'AAL@NASDAQ','AAL','2017-05-18 15:05:00.0000',44.765,44.8,44.765,44.765,12095,'NULL'),(337,'AAL@NASDAQ','AAL','2017-05-18 15:06:00.0000',44.76,44.78,44.755,44.77,4934,'NULL'),(338,'AAL@NASDAQ','AAL','2017-05-18 15:07:00.0000',44.67,44.76,44.66,44.76,38679,'NULL'),(339,'AAL@NASDAQ','AAL','2017-05-18 15:08:00.0000',44.69,44.7212,44.67,44.67,11067,'NULL'),(340,'AAL@NASDAQ','AAL','2017-05-18 15:09:00.0000',44.7399,44.74,44.68,44.68,13421,'NULL'),(341,'AAL@NASDAQ','AAL','2017-05-18 15:10:00.0000',44.76,44.8,44.74,44.74,16211,'NULL'),(342,'AAL@NASDAQ','AAL','2017-05-18 15:11:00.0000',44.78,44.8,44.76,44.76,4856,'NULL'),(343,'AAL@NASDAQ','AAL','2017-05-18 15:12:00.0000',44.8046,44.81,44.79,44.79,5250,'NULL'),(344,'AAL@NASDAQ','AAL','2017-05-18 15:13:00.0000',44.765,44.8,44.75,44.8,12342,'NULL'),(345,'AAL@NASDAQ','AAL','2017-05-18 15:14:00.0000',44.77,44.77,44.725,44.76,10230,'NULL'),(346,'AAL@NASDAQ','AAL','2017-05-18 15:15:00.0000',44.755,44.775,44.75,44.77,12354,'NULL'),(347,'AAL@NASDAQ','AAL','2017-05-18 15:16:00.0000',44.73,44.77,44.725,44.759,18695,'NULL'),(348,'AAL@NASDAQ','AAL','2017-05-18 15:17:00.0000',44.71,44.73,44.661,44.73,15170,'NULL'),(349,'AAL@NASDAQ','AAL','2017-05-18 15:18:00.0000',44.68,44.705,44.68,44.7,15133,'NULL'),(350,'AAL@NASDAQ','AAL','2017-05-18 15:19:00.0000',44.64,44.71,44.6,44.685,16663,'NULL'),(351,'AAL@NASDAQ','AAL','2017-05-18 15:20:00.0000',44.64,44.67,44.631,44.64,9515,'NULL'),(352,'AAL@NASDAQ','AAL','2017-05-18 15:21:00.0000',44.65,44.66,44.64,44.65,5444,'NULL'),(353,'AAL@NASDAQ','AAL','2017-05-18 15:22:00.0000',44.67,44.67,44.62,44.65,15700,'NULL'),(354,'AAL@NASDAQ','AAL','2017-05-18 15:23:00.0000',44.72,44.73,44.655,44.66,35932,'NULL'),(355,'AAL@NASDAQ','AAL','2017-05-18 15:24:00.0000',44.72,44.725,44.71,44.72,15156,'NULL'),(356,'AAL@NASDAQ','AAL','2017-05-18 15:25:00.0000',44.78,44.795,44.725,44.73,17502,'NULL'),(357,'AAL@NASDAQ','AAL','2017-05-18 15:26:00.0000',44.775,44.815,44.77,44.78,11986,'NULL'),(358,'AAL@NASDAQ','AAL','2017-05-18 15:27:00.0000',44.76,44.79,44.76,44.775,12948,'NULL'),(359,'AAL@NASDAQ','AAL','2017-05-18 15:28:00.0000',44.72,44.77,44.715,44.76,13500,'NULL'),(360,'AAL@NASDAQ','AAL','2017-05-18 15:29:00.0000',44.75,44.77,44.72,44.73,10563,'NULL'),(361,'AAL@NASDAQ','AAL','2017-05-18 15:30:00.0000',44.78,44.788,44.74,44.75,6611,'NULL'),(362,'AAL@NASDAQ','AAL','2017-05-18 15:31:00.0000',44.72,44.8,44.7,44.78,27665,'NULL'),(363,'AAL@NASDAQ','AAL','2017-05-18 15:32:00.0000',44.695,44.715,44.67,44.715,13749,'NULL'),(364,'AAL@NASDAQ','AAL','2017-05-18 15:33:00.0000',44.76,44.76,44.7,44.7,15938,'NULL'),(365,'AAL@NASDAQ','AAL','2017-05-18 15:34:00.0000',44.75,44.79,44.75,44.77,17712,'NULL'),(366,'AAL@NASDAQ','AAL','2017-05-18 15:35:00.0000',44.76,44.77,44.725,44.75,14573,'NULL'),(367,'AAL@NASDAQ','AAL','2017-05-18 15:36:00.0000',44.78,44.8,44.765,44.77,13506,'NULL'),(368,'AAL@NASDAQ','AAL','2017-05-18 15:37:00.0000',44.82,44.82,44.77,44.78,16330,'NULL'),(369,'AAL@NASDAQ','AAL','2017-05-18 15:38:00.0000',44.79,44.82,44.78,44.811,16090,'NULL'),(370,'AAL@NASDAQ','AAL','2017-05-18 15:39:00.0000',44.84,44.84,44.77,44.79,21182,'NULL'),(371,'AAL@NASDAQ','AAL','2017-05-18 15:40:00.0000',44.855,44.86,44.83,44.84,17118,'NULL'),(372,'AAL@NASDAQ','AAL','2017-05-18 15:41:00.0000',44.85,44.86,44.83,44.85,25169,'NULL'),(373,'AAL@NASDAQ','AAL','2017-05-18 15:42:00.0000',44.805,44.845,44.79,44.84,21249,'NULL'),(374,'AAL@NASDAQ','AAL','2017-05-18 15:43:00.0000',44.82,44.825,44.79,44.81,14958,'NULL'),(375,'AAL@NASDAQ','AAL','2017-05-18 15:44:00.0000',44.75,44.82,44.745,44.82,18859,'NULL'),(376,'AAL@NASDAQ','AAL','2017-05-18 15:45:00.0000',44.77,44.79,44.745,44.745,17067,'NULL'),(377,'AAL@NASDAQ','AAL','2017-05-18 15:46:00.0000',44.82,44.825,44.775,44.78,26417,'NULL'),(378,'AAL@NASDAQ','AAL','2017-05-18 15:47:00.0000',44.8,44.835,44.79,44.82,23976,'NULL'),(379,'AAL@NASDAQ','AAL','2017-05-18 15:48:00.0000',44.82,44.82,44.8,44.8062,9361,'NULL'),(380,'AAL@NASDAQ','AAL','2017-05-18 15:49:00.0000',44.84,44.87,44.82,44.83,34605,'NULL'),(381,'AAL@NASDAQ','AAL','2017-05-18 15:50:00.0000',44.82,44.85,44.8,44.85,22074,'NULL'),(382,'AAL@NASDAQ','AAL','2017-05-18 15:51:00.0000',44.8354,44.85,44.8,44.81,51510,'NULL'),(383,'AAL@NASDAQ','AAL','2017-05-18 15:52:00.0000',44.785,44.85,44.77,44.84,46255,'NULL'),(384,'AAL@NASDAQ','AAL','2017-05-18 15:53:00.0000',44.76,44.79,44.75,44.79,23501,'NULL'),(385,'AAL@NASDAQ','AAL','2017-05-18 15:54:00.0000',44.75,44.78,44.75,44.76,35030,'NULL'),(386,'AAL@NASDAQ','AAL','2017-05-18 15:55:00.0000',44.76,44.77,44.75,44.75,29528,'NULL'),(387,'AAL@NASDAQ','AAL','2017-05-18 15:56:00.0000',44.75,44.76,44.72,44.759,68060,'NULL'),(388,'AAL@NASDAQ','AAL','2017-05-18 15:57:00.0000',44.71,44.76,44.7,44.75,71301,'NULL'),(389,'AAL@NASDAQ','AAL','2017-05-18 15:58:00.0000',44.69,44.72,44.67,44.71,92398,'NULL'),(390,'AAL@NASDAQ','AAL','2017-05-18 15:59:00.0000',44.65,44.69,44.65,44.69,71260,'NULL'),(391,'AAL@NASDAQ','AAL','2017-05-18 16:00:00.0000',44.65,44.69,44.62,44.65,363093,'NULL'),(392,'AAL@NASDAQ','AAL','2017-05-19 09:30:00.0000',44.78,44.8,44.76,44.8,246429,'NULL'),(393,'AAL@NASDAQ','AAL','2017-05-19 09:31:00.0000',44.78,44.84,44.74,44.77,31785,'NULL'),(394,'AAL@NASDAQ','AAL','2017-05-19 09:32:00.0000',44.86,44.86,44.81,44.82,7819,'NULL'),(395,'AAL@NASDAQ','AAL','2017-05-19 09:33:00.0000',44.97,44.97,44.85,44.88,18021,'NULL'),(396,'AAL@NASDAQ','AAL','2017-05-19 09:34:00.0000',45,45,44.94,44.957,18501,'NULL'),(397,'AAL@NASDAQ','AAL','2017-05-19 09:35:00.0000',45.005,45.03,44.99,45,14608,'NULL'),(398,'AAL@NASDAQ','AAL','2017-05-19 09:36:00.0000',45.05,45.1,44.9972,45.005,15566,'NULL'),(399,'AAL@NASDAQ','AAL','2017-05-19 09:37:00.0000',45.174,45.19,45.055,45.055,17003,'NULL'),(400,'AAL@NASDAQ','AAL','2017-05-19 09:38:00.0000',45.14,45.24,45.12,45.15,37340,'NULL'),(401,'AAL@NASDAQ','AAL','2017-05-19 09:39:00.0000',45.185,45.24,45.14,45.15,19936,'NULL'),(402,'AAL@NASDAQ','AAL','2017-05-19 09:40:00.0000',45.16,45.1799,45.13,45.14,7352,'NULL'),(403,'AAL@NASDAQ','AAL','2017-05-19 09:41:00.0000',45.09,45.1986,45.08,45.16,21119,'NULL'),(404,'AAL@NASDAQ','AAL','2017-05-19 09:42:00.0000',45.04,45.1,45.04,45.08,12755,'NULL'),(405,'AAL@NASDAQ','AAL','2017-05-19 09:43:00.0000',44.99,45.064,44.98,45.05,11032,'NULL'),(406,'AAL@NASDAQ','AAL','2017-05-19 09:44:00.0000',45,45.02,44.99,45.0187,8920,'NULL'),(407,'AAL@NASDAQ','AAL','2017-05-19 09:45:00.0000',45.004,45.05,45,45,15993,'NULL'),(408,'AAL@NASDAQ','AAL','2017-05-19 09:46:00.0000',45,45.04,44.99,45.02,9580,'NULL'),(409,'AAL@NASDAQ','AAL','2017-05-19 09:47:00.0000',45.03,45.03,44.99,45.015,6886,'NULL'),(410,'AAL@NASDAQ','AAL','2017-05-19 09:48:00.0000',45.035,45.07,45.03,45.07,4747,'NULL'),(411,'AAL@NASDAQ','AAL','2017-05-19 09:49:00.0000',45.09,45.09,45.04,45.04,3600,'NULL'),(412,'AAL@NASDAQ','AAL','2017-05-19 09:50:00.0000',45.12,45.12,45.07,45.07,13945,'NULL'),(413,'AAL@NASDAQ','AAL','2017-05-19 09:51:00.0000',45.208,45.208,45.14,45.14,8694,'NULL'),(414,'AAL@NASDAQ','AAL','2017-05-19 09:52:00.0000',45.21,45.24,45.19,45.205,30351,'NULL'),(415,'AAL@NASDAQ','AAL','2017-05-19 09:53:00.0000',45.22,45.25,45.2,45.215,23812,'NULL'),(416,'AAL@NASDAQ','AAL','2017-05-19 09:54:00.0000',45.22,45.24,45.18,45.22,28427,'NULL'),(417,'AAL@NASDAQ','AAL','2017-05-19 09:55:00.0000',45.25,45.2554,45.21,45.21,6546,'NULL'),(418,'AAL@NASDAQ','AAL','2017-05-19 09:56:00.0000',45.2516,45.27,45.235,45.25,32652,'NULL'),(419,'AAL@NASDAQ','AAL','2017-05-19 09:57:00.0000',45.21,45.26,45.2,45.26,59037,'NULL'),(420,'AAL@NASDAQ','AAL','2017-05-19 09:58:00.0000',45.2,45.23,45.18,45.21,15103,'NULL'),(421,'AAL@NASDAQ','AAL','2017-05-19 09:59:00.0000',45.2299,45.2299,45.195,45.205,6933,'NULL'),(422,'AAL@NASDAQ','AAL','2017-05-19 10:00:00.0000',45.13,45.21,45.12,45.21,26182,'NULL'),(423,'AAL@NASDAQ','AAL','2017-05-19 10:01:00.0000',45.1738,45.18,45.1,45.1299,8024,'NULL'),(424,'AAL@NASDAQ','AAL','2017-05-19 10:02:00.0000',45.19,45.19,45.16,45.17,5120,'NULL'),(425,'AAL@NASDAQ','AAL','2017-05-19 10:03:00.0000',45.2,45.2,45.19,45.19,4860,'NULL'),(426,'AAL@NASDAQ','AAL','2017-05-19 10:04:00.0000',45.2,45.21,45.155,45.21,19748,'NULL'),(427,'AAL@NASDAQ','AAL','2017-05-19 10:05:00.0000',45.27,45.28,45.18,45.2,6283,'NULL'),(428,'AAL@NASDAQ','AAL','2017-05-19 10:06:00.0000',45.28,45.29,45.25,45.27,45227,'NULL'),(429,'AAL@NASDAQ','AAL','2017-05-19 10:07:00.0000',45.29,45.29,45.225,45.27,20232,'NULL'),(430,'AAL@NASDAQ','AAL','2017-05-19 10:08:00.0000',45.32,45.32,45.275,45.3,16001,'NULL'),(431,'AAL@NASDAQ','AAL','2017-05-19 10:09:00.0000',45.21,45.305,45.21,45.305,19015,'NULL'),(432,'AAL@NASDAQ','AAL','2017-05-19 10:10:00.0000',45.28,45.28,45.23,45.23,5000,'NULL'),(433,'AAL@NASDAQ','AAL','2017-05-19 10:11:00.0000',45.325,45.33,45.3,45.31,8922,'NULL'),(434,'AAL@NASDAQ','AAL','2017-05-19 10:12:00.0000',45.32,45.3501,45.31,45.34,14116,'NULL'),(435,'AAL@NASDAQ','AAL','2017-05-19 10:13:00.0000',45.35,45.35,45.3,45.32,25426,'NULL'),(436,'AAL@NASDAQ','AAL','2017-05-19 10:14:00.0000',45.35,45.36,45.34,45.3439,14765,'NULL'),(437,'AAL@NASDAQ','AAL','2017-05-19 10:15:00.0000',45.305,45.37,45.305,45.34,22703,'NULL'),(438,'AAL@NASDAQ','AAL','2017-05-19 10:16:00.0000',45.35,45.36,45.3,45.31,18940,'NULL'),(439,'AAL@NASDAQ','AAL','2017-05-19 10:17:00.0000',45.31,45.38,45.31,45.36,14880,'NULL'),(440,'AAL@NASDAQ','AAL','2017-05-19 10:18:00.0000',45.23,45.32,45.23,45.31,10912,'NULL'),(441,'AAL@NASDAQ','AAL','2017-05-19 10:19:00.0000',45.2,45.24,45.2,45.22,7489,'NULL'),(442,'AAL@NASDAQ','AAL','2017-05-19 10:20:00.0000',45.15,45.22,45.15,45.22,9130,'NULL'),(443,'AAL@NASDAQ','AAL','2017-05-19 10:21:00.0000',45.11,45.1464,45.08,45.14,11402,'NULL'),(444,'AAL@NASDAQ','AAL','2017-05-19 10:22:00.0000',45.13,45.14,45.11,45.11,6701,'NULL'),(445,'AAL@NASDAQ','AAL','2017-05-19 10:23:00.0000',45.1,45.125,45.08,45.12,12430,'NULL'),(446,'AAL@NASDAQ','AAL','2017-05-19 10:24:00.0000',45.1,45.14,45.1,45.12,6994,'NULL'),(447,'AAL@NASDAQ','AAL','2017-05-19 10:25:00.0000',45.1,45.12,45.09,45.1,6304,'NULL'),(448,'AAL@NASDAQ','AAL','2017-05-19 10:26:00.0000',45.105,45.15,45.095,45.1,12823,'NULL'),(449,'AAL@NASDAQ','AAL','2017-05-19 10:27:00.0000',45.16,45.165,45.07,45.1,19112,'NULL'),(450,'AAL@NASDAQ','AAL','2017-05-19 10:28:00.0000',45.16,45.24,45.16,45.19,9774,'NULL'),(451,'AAL@NASDAQ','AAL','2017-05-19 10:29:00.0000',45.15,45.17,45.14,45.14,8339,'NULL'),(452,'AAL@NASDAQ','AAL','2017-05-19 10:30:00.0000',45.14,45.16,45.14,45.15,7000,'NULL'),(453,'AAL@NASDAQ','AAL','2017-05-19 10:31:00.0000',45.09,45.165,45.09,45.15,14790,'NULL'),(454,'AAL@NASDAQ','AAL','2017-05-19 10:32:00.0000',45.11,45.15,45.09,45.11,39718,'NULL'),(455,'AAL@NASDAQ','AAL','2017-05-19 10:33:00.0000',45.13,45.16,45.11,45.1119,11225,'NULL'),(456,'AAL@NASDAQ','AAL','2017-05-19 10:34:00.0000',45.08,45.135,45.07,45.13,5676,'NULL'),(457,'AAL@NASDAQ','AAL','2017-05-19 10:35:00.0000',45.02,45.075,45.01,45.075,28409,'NULL'),(458,'AAL@NASDAQ','AAL','2017-05-19 10:36:00.0000',45.02,45.05,45.01,45.03,11043,'NULL'),(459,'AAL@NASDAQ','AAL','2017-05-19 10:37:00.0000',45.02,45.03,45.01,45.02,6008,'NULL'),(460,'AAL@NASDAQ','AAL','2017-05-19 10:38:00.0000',45.021,45.025,45,45.02,9484,'NULL'),(461,'AAL@NASDAQ','AAL','2017-05-19 10:39:00.0000',45.085,45.0951,45.03,45.03,14906,'NULL'),(462,'AAL@NASDAQ','AAL','2017-05-19 10:40:00.0000',45.08,45.08,45.065,45.08,9128,'NULL'),(463,'AAL@NASDAQ','AAL','2017-05-19 10:41:00.0000',45.06,45.09,45.05,45.08,9201,'NULL'),(464,'AAL@NASDAQ','AAL','2017-05-19 10:42:00.0000',45.096,45.11,45.03,45.06,18864,'NULL'),(465,'AAL@NASDAQ','AAL','2017-05-19 10:43:00.0000',45.05,45.09,45.05,45.09,7018,'NULL'),(466,'AAL@NASDAQ','AAL','2017-05-19 10:44:00.0000',45.08,45.08,45.04,45.05,8617,'NULL'),(467,'AAL@NASDAQ','AAL','2017-05-19 10:45:00.0000',45.09,45.1,45.04,45.08,27306,'NULL'),(468,'AAL@NASDAQ','AAL','2017-05-19 10:46:00.0000',45.12,45.13,45.09,45.09,9520,'NULL'),(469,'AAL@NASDAQ','AAL','2017-05-19 10:47:00.0000',45.17,45.18,45.12,45.12,16252,'NULL'),(470,'AAL@NASDAQ','AAL','2017-05-19 10:48:00.0000',45.19,45.2,45.16,45.17,15832,'NULL'),(471,'AAL@NASDAQ','AAL','2017-05-19 10:49:00.0000',45.14,45.19,45.05,45.19,19995,'NULL'),(472,'AAL@NASDAQ','AAL','2017-05-19 10:50:00.0000',45.14,45.16,45.135,45.155,11249,'NULL'),(473,'AAL@NASDAQ','AAL','2017-05-19 10:51:00.0000',45.155,45.16,45.12,45.13,5301,'NULL'),(474,'AAL@NASDAQ','AAL','2017-05-19 10:52:00.0000',45.19,45.19,45.14,45.15,6400,'NULL'),(475,'AAL@NASDAQ','AAL','2017-05-19 10:53:00.0000',45.25,45.26,45.19,45.19,15185,'NULL'),(476,'AAL@NASDAQ','AAL','2017-05-19 10:54:00.0000',45.23,45.26,45.22,45.255,11913,'NULL'),(477,'AAL@NASDAQ','AAL','2017-05-19 10:55:00.0000',45.22,45.26,45.22,45.2309,11237,'NULL'),(478,'AAL@NASDAQ','AAL','2017-05-19 10:56:00.0000',45.19,45.24,45.19,45.23,14973,'NULL'),(479,'AAL@NASDAQ','AAL','2017-05-19 10:57:00.0000',45.16,45.2,45.16,45.18,7400,'NULL'),(480,'AAL@NASDAQ','AAL','2017-05-19 10:58:00.0000',45.13,45.17,45.12,45.165,14125,'NULL'),(481,'AAL@NASDAQ','AAL','2017-05-19 10:59:00.0000',45.14,45.16,45.13,45.13,12353,'NULL'),(482,'AAL@NASDAQ','AAL','2017-05-19 11:00:00.0000',45.14,45.17,45.12,45.15,11010,'NULL'),(483,'AAL@NASDAQ','AAL','2017-05-19 11:01:00.0000',45.09,45.14,45.09,45.125,25794,'NULL'),(484,'AAL@NASDAQ','AAL','2017-05-19 11:02:00.0000',45.1395,45.1395,45.085,45.09,4599,'NULL'),(485,'AAL@NASDAQ','AAL','2017-05-19 11:03:00.0000',45.06,45.145,45.06,45.145,10944,'NULL'),(486,'AAL@NASDAQ','AAL','2017-05-19 11:04:00.0000',45.07,45.07,45.05,45.06,14399,'NULL'),(487,'AAL@NASDAQ','AAL','2017-05-19 11:05:00.0000',45.065,45.07,45.055,45.07,8483,'NULL'),(488,'AAL@NASDAQ','AAL','2017-05-19 11:06:00.0000',45.07,45.09,45.07,45.08,3022,'NULL'),(489,'AAL@NASDAQ','AAL','2017-05-19 11:07:00.0000',45.13,45.13,45.065,45.07,8783,'NULL'),(490,'AAL@NASDAQ','AAL','2017-05-19 11:08:00.0000',45.11,45.14,45.11,45.13,7415,'NULL'),(491,'AAL@NASDAQ','AAL','2017-05-19 11:09:00.0000',45.13,45.155,45.11,45.12,9711,'NULL'),(492,'AAL@NASDAQ','AAL','2017-05-19 11:10:00.0000',45.15,45.15,45.13,45.14,4262,'NULL'),(493,'AAL@NASDAQ','AAL','2017-05-19 11:11:00.0000',45.1,45.15,45.095,45.15,6457,'NULL'),(494,'AAL@NASDAQ','AAL','2017-05-19 11:12:00.0000',45.1,45.12,45.09,45.1095,6630,'NULL'),(495,'AAL@NASDAQ','AAL','2017-05-19 11:13:00.0000',45.12,45.1431,45.075,45.1,17410,'NULL'),(496,'AAL@NASDAQ','AAL','2017-05-19 11:14:00.0000',45.06,45.12,45.06,45.12,5472,'NULL'),(497,'AAL@NASDAQ','AAL','2017-05-19 11:15:00.0000',45.08,45.085,45.06,45.07,7211,'NULL'),(498,'AAL@NASDAQ','AAL','2017-05-19 11:16:00.0000',45.07,45.08,45.06,45.08,3444,'NULL'),(499,'AAL@NASDAQ','AAL','2017-05-19 11:17:00.0000',45.065,45.075,45.055,45.07,8875,'NULL'),(500,'AAL@NASDAQ','AAL','2017-05-19 11:18:00.0000',45.09,45.1,45.06,45.065,7575,'NULL'),(501,'AAL@NASDAQ','AAL','2017-05-19 11:19:00.0000',45.065,45.12,45.05,45.1,17365,'NULL'),(502,'AAL@NASDAQ','AAL','2017-05-19 11:20:00.0000',45.07,45.07,45.05,45.0628,33874,'NULL'),(503,'AAL@NASDAQ','AAL','2017-05-19 11:21:00.0000',45.08,45.08,45.05,45.07,27376,'NULL'),(504,'AAL@NASDAQ','AAL','2017-05-19 11:22:00.0000',45.1,45.1,45.065,45.08,8734,'NULL'),(505,'AAL@NASDAQ','AAL','2017-05-19 11:23:00.0000',45.11,45.13,45.1,45.1,6740,'NULL'),(506,'AAL@NASDAQ','AAL','2017-05-19 11:24:00.0000',45.1,45.11,45.09,45.1043,7953,'NULL'),(507,'AAL@NASDAQ','AAL','2017-05-19 11:25:00.0000',45.11,45.11,45.09,45.105,11514,'NULL'),(508,'AAL@NASDAQ','AAL','2017-05-19 11:26:00.0000',45.085,45.1156,45.085,45.11,5133,'NULL'),(509,'AAL@NASDAQ','AAL','2017-05-19 11:27:00.0000',45.11,45.1205,45.08,45.09,6511,'NULL'),(510,'AAL@NASDAQ','AAL','2017-05-19 11:28:00.0000',45.08,45.1095,45.075,45.1095,9658,'NULL'),(511,'AAL@NASDAQ','AAL','2017-05-19 11:29:00.0000',45.09,45.105,45.075,45.08,12170,'NULL'),(512,'AAL@NASDAQ','AAL','2017-05-19 11:30:00.0000',45.1,45.11,45.085,45.1,4420,'NULL'),(513,'AAL@NASDAQ','AAL','2017-05-19 11:31:00.0000',45.115,45.13,45.075,45.105,7683,'NULL'),(514,'AAL@NASDAQ','AAL','2017-05-19 11:32:00.0000',45.095,45.12,45.09,45.12,6155,'NULL'),(515,'AAL@NASDAQ','AAL','2017-05-19 11:33:00.0000',45.085,45.1,45.07,45.1,5462,'NULL'),(516,'AAL@NASDAQ','AAL','2017-05-19 11:34:00.0000',45.05,45.09,45.045,45.084,19050,'NULL'),(517,'AAL@NASDAQ','AAL','2017-05-19 11:35:00.0000',45.08,45.09,45.055,45.06,12998,'NULL'),(518,'AAL@NASDAQ','AAL','2017-05-19 11:36:00.0000',45.07,45.08,45.06,45.08,11645,'NULL'),(519,'AAL@NASDAQ','AAL','2017-05-19 11:37:00.0000',45.07,45.08,45.05,45.06,9526,'NULL'),(520,'AAL@NASDAQ','AAL','2017-05-19 11:38:00.0000',45.06,45.08,45.045,45.08,11031,'NULL'),(521,'AAL@NASDAQ','AAL','2017-05-19 11:39:00.0000',45.1,45.12,45.065,45.07,14790,'NULL'),(522,'AAL@NASDAQ','AAL','2017-05-19 11:40:00.0000',45.1,45.11,45.085,45.1,6100,'NULL'),(523,'AAL@NASDAQ','AAL','2017-05-19 11:41:00.0000',45.08,45.11,45.065,45.11,20218,'NULL'),(524,'AAL@NASDAQ','AAL','2017-05-19 11:42:00.0000',45.07,45.08,45.05,45.08,4000,'NULL'),(525,'AAL@NASDAQ','AAL','2017-05-19 11:43:00.0000',45.11,45.11,45.06,45.065,5400,'NULL'),(526,'AAL@NASDAQ','AAL','2017-05-19 11:44:00.0000',45.14,45.14,45.1,45.1001,8001,'NULL'),(527,'AAL@NASDAQ','AAL','2017-05-19 11:45:00.0000',45.165,45.17,45.13,45.15,12572,'NULL'),(528,'AAL@NASDAQ','AAL','2017-05-19 11:46:00.0000',45.17,45.19,45.16,45.17,17723,'NULL'),(529,'AAL@NASDAQ','AAL','2017-05-19 11:47:00.0000',45.16,45.17,45.15,45.16,8916,'NULL'),(530,'AAL@NASDAQ','AAL','2017-05-19 11:48:00.0000',45.19,45.19,45.16,45.16,11769,'NULL'),(531,'AAL@NASDAQ','AAL','2017-05-19 11:49:00.0000',45.2,45.2,45.18,45.2,7004,'NULL'),(532,'AAL@NASDAQ','AAL','2017-05-19 11:50:00.0000',45.17,45.2174,45.17,45.2,9402,'NULL'),(533,'AAL@NASDAQ','AAL','2017-05-19 11:51:00.0000',45.15,45.18,45.145,45.17,12768,'NULL'),(534,'AAL@NASDAQ','AAL','2017-05-19 11:52:00.0000',45.165,45.17,45.16,45.16,2100,'NULL'),(535,'AAL@NASDAQ','AAL','2017-05-19 11:53:00.0000',45.15,45.16,45.15,45.16,11270,'NULL'),(536,'AAL@NASDAQ','AAL','2017-05-19 11:54:00.0000',45.1,45.15,45.1,45.15,11432,'NULL'),(537,'AAL@NASDAQ','AAL','2017-05-19 11:55:00.0000',45.08,45.11,45.08,45.1,8900,'NULL'),(538,'AAL@NASDAQ','AAL','2017-05-19 11:56:00.0000',45.08,45.085,45.065,45.08,13168,'NULL'),(539,'AAL@NASDAQ','AAL','2017-05-19 11:57:00.0000',45.09,45.09,45.07,45.08,3409,'NULL'),(540,'AAL@NASDAQ','AAL','2017-05-19 11:58:00.0000',45.08,45.09,45.05,45.09,5900,'NULL'),(541,'AAL@NASDAQ','AAL','2017-05-19 11:59:00.0000',45.09,45.11,45.07,45.09,10088,'NULL'),(542,'AAL@NASDAQ','AAL','2017-05-19 12:00:00.0000',45.13,45.13,45.09,45.092,3500,'NULL'),(543,'AAL@NASDAQ','AAL','2017-05-19 12:01:00.0000',45.14,45.16,45.13,45.145,7509,'NULL'),(544,'AAL@NASDAQ','AAL','2017-05-19 12:02:00.0000',45.145,45.15,45.145,45.145,3987,'NULL'),(545,'AAL@NASDAQ','AAL','2017-05-19 12:03:00.0000',45.11,45.14,45.11,45.14,4107,'NULL'),(546,'AAL@NASDAQ','AAL','2017-05-19 12:04:00.0000',45.125,45.13,45.1,45.12,3800,'NULL'),(547,'AAL@NASDAQ','AAL','2017-05-19 12:05:00.0000',45.0753,45.13,45.07,45.13,6325,'NULL'),(548,'AAL@NASDAQ','AAL','2017-05-19 12:06:00.0000',45.08,45.09,45.08,45.08,4075,'NULL'),(549,'AAL@NASDAQ','AAL','2017-05-19 12:07:00.0000',45.08,45.0899,45.07,45.0899,7000,'NULL'),(550,'AAL@NASDAQ','AAL','2017-05-19 12:08:00.0000',45.05,45.08,45.05,45.08,9282,'NULL'),(551,'AAL@NASDAQ','AAL','2017-05-19 12:09:00.0000',45.0599,45.07,45.05,45.06,10698,'NULL'),(552,'AAL@NASDAQ','AAL','2017-05-19 12:10:00.0000',45.091,45.1,45.05,45.055,19997,'NULL'),(553,'AAL@NASDAQ','AAL','2017-05-19 12:11:00.0000',45.09,45.09,45.04,45.09,30704,'NULL'),(554,'AAL@NASDAQ','AAL','2017-05-19 12:12:00.0000',45.04,45.1,45.02,45.1,58659,'NULL'),(555,'AAL@NASDAQ','AAL','2017-05-19 12:13:00.0000',45.06,45.065,45.03,45.04,3900,'NULL'),(556,'AAL@NASDAQ','AAL','2017-05-19 12:14:00.0000',45.04,45.055,45.04,45.05,3858,'NULL'),(557,'AAL@NASDAQ','AAL','2017-05-19 12:15:00.0000',45.025,45.04,45,45.04,16428,'NULL'),(558,'AAL@NASDAQ','AAL','2017-05-19 12:16:00.0000',45.04,45.05,45.03,45.03,4068,'NULL'),(559,'AAL@NASDAQ','AAL','2017-05-19 12:17:00.0000',45.0956,45.1,45.02,45.035,9000,'NULL'),(560,'AAL@NASDAQ','AAL','2017-05-19 12:18:00.0000',45.065,45.095,45.06,45.09,8013,'NULL'),(561,'AAL@NASDAQ','AAL','2017-05-19 12:19:00.0000',45.065,45.075,45.06,45.07,6350,'NULL'),(562,'AAL@NASDAQ','AAL','2017-05-19 12:20:00.0000',45.03,45.07,45.02,45.066,10522,'NULL'),(563,'AAL@NASDAQ','AAL','2017-05-19 12:21:00.0000',45.04,45.05,45.03,45.04,3500,'NULL'),(564,'AAL@NASDAQ','AAL','2017-05-19 12:22:00.0000',45.001,45.03,45,45.03,11164,'NULL'),(565,'AAL@NASDAQ','AAL','2017-05-19 12:23:00.0000',45,45.03,45,45.01,6695,'NULL'),(566,'AAL@NASDAQ','AAL','2017-05-19 12:24:00.0000',45,45.01,44.99,45.005,4958,'NULL'),(567,'AAL@NASDAQ','AAL','2017-05-19 12:25:00.0000',45.02,45.02,44.99,44.99,6400,'NULL'),(568,'AAL@NASDAQ','AAL','2017-05-19 12:26:00.0000',45,45.02,44.99,45.02,6277,'NULL'),(569,'AAL@NASDAQ','AAL','2017-05-19 12:27:00.0000',44.99,45.01,44.99,45,11902,'NULL'),(570,'AAL@NASDAQ','AAL','2017-05-19 12:28:00.0000',45,45,44.99,44.99,3900,'NULL'),(571,'AAL@NASDAQ','AAL','2017-05-19 12:29:00.0000',45.005,45.01,44.99,44.99,4399,'NULL'),(572,'AAL@NASDAQ','AAL','2017-05-19 12:30:00.0000',45.11,45.11,45,45.01,11072,'NULL'),(573,'AAL@NASDAQ','AAL','2017-05-19 12:31:00.0000',45.1,45.11,45.08,45.11,12384,'NULL'),(574,'AAL@NASDAQ','AAL','2017-05-19 12:32:00.0000',45.16,45.18,45.1,45.1,33761,'NULL'),(575,'AAL@NASDAQ','AAL','2017-05-19 12:33:00.0000',45.1753,45.18,45.157,45.16,7493,'NULL'),(576,'AAL@NASDAQ','AAL','2017-05-19 12:34:00.0000',45.16,45.18,45.145,45.175,17653,'NULL'),(577,'AAL@NASDAQ','AAL','2017-05-19 12:35:00.0000',45.15,45.17,45.13,45.17,7456,'NULL'),(578,'AAL@NASDAQ','AAL','2017-05-19 12:36:00.0000',45.17,45.17,45.145,45.145,6423,'NULL'),(579,'AAL@NASDAQ','AAL','2017-05-19 12:37:00.0000',45.16,45.19,45.16,45.18,5942,'NULL'),(580,'AAL@NASDAQ','AAL','2017-05-19 12:38:00.0000',45.12,45.165,45.12,45.15,3959,'NULL'),(581,'AAL@NASDAQ','AAL','2017-05-19 12:39:00.0000',45.13,45.14,45.09,45.11,13210,'NULL'),(582,'AAL@NASDAQ','AAL','2017-05-19 12:40:00.0000',45.13,45.13,45.12,45.1244,3541,'NULL'),(583,'AAL@NASDAQ','AAL','2017-05-19 12:41:00.0000',45.11,45.135,45.1,45.13,3200,'NULL'),(584,'AAL@NASDAQ','AAL','2017-05-19 12:42:00.0000',45.12,45.13,45.11,45.12,5100,'NULL'),(585,'AAL@NASDAQ','AAL','2017-05-19 12:43:00.0000',45.12,45.13,45.1,45.12,5300,'NULL'),(586,'AAL@NASDAQ','AAL','2017-05-19 12:44:00.0000',45.1439,45.15,45.125,45.13,2047,'NULL'),(587,'AAL@NASDAQ','AAL','2017-05-19 12:45:00.0000',45.11,45.145,45.11,45.14,38867,'NULL'),(588,'AAL@NASDAQ','AAL','2017-05-19 12:46:00.0000',45.11,45.11,45.1,45.105,5851,'NULL'),(589,'AAL@NASDAQ','AAL','2017-05-19 12:47:00.0000',45.1259,45.13,45.11,45.11,1743,'NULL'),(590,'AAL@NASDAQ','AAL','2017-05-19 12:48:00.0000',45.09,45.12,45.085,45.12,10613,'NULL'),(591,'AAL@NASDAQ','AAL','2017-05-19 12:49:00.0000',45.08,45.1,45.07,45.1,78267,'NULL'),(592,'AAL@NASDAQ','AAL','2017-05-19 12:50:00.0000',45.03,45.07,45.02,45.07,14509,'NULL'),(593,'AAL@NASDAQ','AAL','2017-05-19 12:51:00.0000',45.05,45.055,45.035,45.035,3978,'NULL'),(594,'AAL@NASDAQ','AAL','2017-05-19 12:52:00.0000',45.07,45.07,45.05,45.06,3490,'NULL'),(595,'AAL@NASDAQ','AAL','2017-05-19 12:53:00.0000',45.1,45.1054,45.07,45.07,8000,'NULL'),(596,'AAL@NASDAQ','AAL','2017-05-19 12:54:00.0000',45.08,45.1,45.06,45.1,29200,'NULL'),(597,'AAL@NASDAQ','AAL','2017-05-19 12:55:00.0000',45.1,45.1,45.08,45.08,6689,'NULL'),(598,'AAL@NASDAQ','AAL','2017-05-19 12:56:00.0000',45.065,45.105,45.06,45.1,17705,'NULL'),(599,'AAL@NASDAQ','AAL','2017-05-19 12:57:00.0000',45.081,45.1,45.07,45.07,3980,'NULL'),(600,'AAL@NASDAQ','AAL','2017-05-19 12:58:00.0000',45.04,45.08,45.03,45.08,13926,'NULL'),(601,'AAL@NASDAQ','AAL','2017-05-19 12:59:00.0000',45.06,45.06,45.05,45.05,1971,'NULL'),(602,'AAL@NASDAQ','AAL','2017-05-19 13:00:00.0000',45.07,45.07,45.035,45.05,3700,'NULL'),(603,'AAL@NASDAQ','AAL','2017-05-19 13:01:00.0000',45.05,45.07,45.04,45.06,11200,'NULL'),(604,'AAL@NASDAQ','AAL','2017-05-19 13:02:00.0000',45,45.05,45,45.05,12209,'NULL'),(605,'AAL@NASDAQ','AAL','2017-05-19 13:03:00.0000',45.025,45.03,45.01,45.01,5400,'NULL'),(606,'AAL@NASDAQ','AAL','2017-05-19 13:04:00.0000',44.99,45.03,44.99,45.025,36068,'NULL'),(607,'AAL@NASDAQ','AAL','2017-05-19 13:05:00.0000',45,45.0099,44.99,44.995,8886,'NULL'),(608,'AAL@NASDAQ','AAL','2017-05-19 13:06:00.0000',44.975,45.01,44.96,45,44265,'NULL'),(609,'AAL@NASDAQ','AAL','2017-05-19 13:07:00.0000',44.9845,44.99,44.97,44.97,5900,'NULL'),(610,'AAL@NASDAQ','AAL','2017-05-19 13:08:00.0000',44.95,44.99,44.94,44.989,10208,'NULL'),(611,'AAL@NASDAQ','AAL','2017-05-19 13:09:00.0000',44.9793,44.98,44.95,44.95,2010,'NULL'),(612,'AAL@NASDAQ','AAL','2017-05-19 13:10:00.0000',44.95,44.975,44.94,44.975,7300,'NULL'),(613,'AAL@NASDAQ','AAL','2017-05-19 13:11:00.0000',44.9499,44.95,44.93,44.95,9842,'NULL'),(614,'AAL@NASDAQ','AAL','2017-05-19 13:12:00.0000',44.92,44.95,44.9,44.95,13887,'NULL'),(615,'AAL@NASDAQ','AAL','2017-05-19 13:13:00.0000',44.93,44.945,44.92,44.92,3954,'NULL'),(616,'AAL@NASDAQ','AAL','2017-05-19 13:14:00.0000',44.92,44.935,44.92,44.93,6798,'NULL'),(617,'AAL@NASDAQ','AAL','2017-05-19 13:15:00.0000',44.91,44.92,44.89,44.92,12406,'NULL'),(618,'AAL@NASDAQ','AAL','2017-05-19 13:16:00.0000',44.93,44.94,44.92,44.92,5703,'NULL'),(619,'AAL@NASDAQ','AAL','2017-05-19 13:17:00.0000',44.89,44.925,44.89,44.925,9800,'NULL'),(620,'AAL@NASDAQ','AAL','2017-05-19 13:18:00.0000',44.9,44.9,44.88,44.89,8134,'NULL'),(621,'AAL@NASDAQ','AAL','2017-05-19 13:19:00.0000',44.895,44.92,44.88,44.91,14500,'NULL'),(622,'AAL@NASDAQ','AAL','2017-05-19 13:20:00.0000',44.88,44.895,44.875,44.895,16163,'NULL'),(623,'AAL@NASDAQ','AAL','2017-05-19 13:21:00.0000',44.88,44.8825,44.85,44.88,22891,'NULL'),(624,'AAL@NASDAQ','AAL','2017-05-19 13:22:00.0000',44.875,44.887,44.87,44.887,6392,'NULL'),(625,'AAL@NASDAQ','AAL','2017-05-19 13:23:00.0000',44.89,44.896,44.88,44.88,6353,'NULL'),(626,'AAL@NASDAQ','AAL','2017-05-19 13:24:00.0000',44.871,44.91,44.871,44.88,11420,'NULL'),(627,'AAL@NASDAQ','AAL','2017-05-19 13:25:00.0000',44.8775,44.885,44.87,44.87,4817,'NULL'),(628,'AAL@NASDAQ','AAL','2017-05-19 13:26:00.0000',44.899,44.8999,44.87,44.87,8511,'NULL'),(629,'AAL@NASDAQ','AAL','2017-05-19 13:27:00.0000',44.86,44.9,44.86,44.89,13930,'NULL'),(630,'AAL@NASDAQ','AAL','2017-05-19 13:28:00.0000',44.87,44.88,44.87,44.87,10406,'NULL'),(631,'AAL@NASDAQ','AAL','2017-05-19 13:29:00.0000',44.87,44.88,44.86,44.86,5500,'NULL'),(632,'AAL@NASDAQ','AAL','2017-05-19 13:30:00.0000',44.86,44.87,44.85,44.87,11097,'NULL'),(633,'AAL@NASDAQ','AAL','2017-05-19 13:31:00.0000',44.86,44.87,44.86,44.86,13060,'NULL'),(634,'AAL@NASDAQ','AAL','2017-05-19 13:32:00.0000',44.83,44.86,44.83,44.86,28258,'NULL'),(635,'AAL@NASDAQ','AAL','2017-05-19 13:33:00.0000',44.82,44.83,44.82,44.83,12561,'NULL'),(636,'AAL@NASDAQ','AAL','2017-05-19 13:34:00.0000',44.84,44.84,44.82,44.83,4710,'NULL'),(637,'AAL@NASDAQ','AAL','2017-05-19 13:35:00.0000',44.84,44.8501,44.84,44.84,7386,'NULL'),(638,'AAL@NASDAQ','AAL','2017-05-19 13:36:00.0000',44.84,44.85,44.83,44.845,18060,'NULL'),(639,'AAL@NASDAQ','AAL','2017-05-19 13:37:00.0000',44.87,44.88,44.85,44.85,8935,'NULL'),(640,'AAL@NASDAQ','AAL','2017-05-19 13:38:00.0000',44.895,44.9,44.87,44.87,18675,'NULL'),(641,'AAL@NASDAQ','AAL','2017-05-19 13:39:00.0000',44.87,44.895,44.86,44.89,14360,'NULL'),(642,'AAL@NASDAQ','AAL','2017-05-19 13:40:00.0000',44.86,44.88,44.86,44.87,6877,'NULL'),(643,'AAL@NASDAQ','AAL','2017-05-19 13:41:00.0000',44.86,44.87,44.85,44.86,8185,'NULL'),(644,'AAL@NASDAQ','AAL','2017-05-19 13:42:00.0000',44.899,44.905,44.86,44.87,15087,'NULL'),(645,'AAL@NASDAQ','AAL','2017-05-19 13:43:00.0000',44.91,44.915,44.89,44.89,5500,'NULL'),(646,'AAL@NASDAQ','AAL','2017-05-19 13:44:00.0000',44.905,44.905,44.89,44.9,11400,'NULL'),(647,'AAL@NASDAQ','AAL','2017-05-19 13:45:00.0000',44.92,44.92,44.91,44.91,1900,'NULL'),(648,'AAL@NASDAQ','AAL','2017-05-19 13:46:00.0000',44.955,44.96,44.913,44.92,5407,'NULL'),(649,'AAL@NASDAQ','AAL','2017-05-19 13:47:00.0000',44.9649,44.97,44.95,44.96,5256,'NULL'),(650,'AAL@NASDAQ','AAL','2017-05-19 13:48:00.0000',45.04,45.06,44.9611,44.97,27754,'NULL'),(651,'AAL@NASDAQ','AAL','2017-05-19 13:49:00.0000',44.99,45.05,44.99,45.04,9800,'NULL'),(652,'AAL@NASDAQ','AAL','2017-05-19 13:50:00.0000',44.99,45,44.99,44.991,4106,'NULL'),(653,'AAL@NASDAQ','AAL','2017-05-19 13:51:00.0000',45.025,45.03,44.99,45,4640,'NULL'),(654,'AAL@NASDAQ','AAL','2017-05-19 13:52:00.0000',45.03,45.04,45.02,45.03,4245,'NULL'),(655,'AAL@NASDAQ','AAL','2017-05-19 13:53:00.0000',45.03,45.04,45,45.03,8134,'NULL'),(656,'AAL@NASDAQ','AAL','2017-05-19 13:54:00.0000',45.05,45.05,45.02,45.025,13334,'NULL'),(657,'AAL@NASDAQ','AAL','2017-05-19 13:55:00.0000',45.07,45.07,45.045,45.06,8919,'NULL'),(658,'AAL@NASDAQ','AAL','2017-05-19 13:56:00.0000',45.07,45.1,45.06,45.06,71989,'NULL'),(659,'AAL@NASDAQ','AAL','2017-05-19 13:57:00.0000',45.08,45.08,45.06,45.075,11820,'NULL'),(660,'AAL@NASDAQ','AAL','2017-05-19 13:58:00.0000',45.07,45.083,45.055,45.083,17291,'NULL'),(661,'AAL@NASDAQ','AAL','2017-05-19 13:59:00.0000',45.085,45.105,45.08,45.08,16599,'NULL'),(662,'AAL@NASDAQ','AAL','2017-05-19 14:00:00.0000',45.08,45.1,45.07,45.085,9483,'NULL'),(663,'AAL@NASDAQ','AAL','2017-05-19 14:01:00.0000',45.0946,45.11,45.08,45.08,11900,'NULL'),(664,'AAL@NASDAQ','AAL','2017-05-19 14:02:00.0000',45.08,45.1,45.08,45.0949,13222,'NULL'),(665,'AAL@NASDAQ','AAL','2017-05-19 14:03:00.0000',45.11,45.12,45.09,45.09,9355,'NULL'),(666,'AAL@NASDAQ','AAL','2017-05-19 14:04:00.0000',45.1,45.12,45.09,45.115,38029,'NULL'),(667,'AAL@NASDAQ','AAL','2017-05-19 14:05:00.0000',45.085,45.1,45.08,45.1,10897,'NULL'),(668,'AAL@NASDAQ','AAL','2017-05-19 14:06:00.0000',45.105,45.13,45.08,45.08,24239,'NULL'),(669,'AAL@NASDAQ','AAL','2017-05-19 14:07:00.0000',45.1,45.11,45.1,45.105,2833,'NULL'),(670,'AAL@NASDAQ','AAL','2017-05-19 14:08:00.0000',45.1,45.115,45.095,45.105,6700,'NULL'),(671,'AAL@NASDAQ','AAL','2017-05-19 14:09:00.0000',45.1,45.11,45.08,45.095,10671,'NULL'),(672,'AAL@NASDAQ','AAL','2017-05-19 14:10:00.0000',45.12,45.12,45.09,45.106,25948,'NULL'),(673,'AAL@NASDAQ','AAL','2017-05-19 14:11:00.0000',45.13,45.139,45.12,45.12,8973,'NULL'),(674,'AAL@NASDAQ','AAL','2017-05-19 14:12:00.0000',45.16,45.16,45.13,45.14,4988,'NULL'),(675,'AAL@NASDAQ','AAL','2017-05-19 14:13:00.0000',45.13,45.15,45.12,45.15,7699,'NULL'),(676,'AAL@NASDAQ','AAL','2017-05-19 14:14:00.0000',45.21,45.21,45.13,45.13,10201,'NULL'),(677,'AAL@NASDAQ','AAL','2017-05-19 14:15:00.0000',45.215,45.22,45.2,45.21,5539,'NULL'),(678,'AAL@NASDAQ','AAL','2017-05-19 14:16:00.0000',45.17,45.22,45.16,45.22,9963,'NULL'),(679,'AAL@NASDAQ','AAL','2017-05-19 14:17:00.0000',45.175,45.18,45.16,45.1646,2120,'NULL'),(680,'AAL@NASDAQ','AAL','2017-05-19 14:18:00.0000',45.17,45.19,45.17,45.18,7124,'NULL'),(681,'AAL@NASDAQ','AAL','2017-05-19 14:19:00.0000',45.15,45.17,45.145,45.17,10267,'NULL'),(682,'AAL@NASDAQ','AAL','2017-05-19 14:20:00.0000',45.16,45.16,45.15,45.1516,1900,'NULL'),(683,'AAL@NASDAQ','AAL','2017-05-19 14:21:00.0000',45.195,45.2,45.16,45.16,14953,'NULL'),(684,'AAL@NASDAQ','AAL','2017-05-19 14:22:00.0000',45.215,45.225,45.195,45.2,32285,'NULL'),(685,'AAL@NASDAQ','AAL','2017-05-19 14:23:00.0000',45.22,45.23,45.21,45.2154,4277,'NULL'),(686,'AAL@NASDAQ','AAL','2017-05-19 14:24:00.0000',45.215,45.25,45.2139,45.23,6325,'NULL'),(687,'AAL@NASDAQ','AAL','2017-05-19 14:25:00.0000',45.2099,45.215,45.19,45.21,10724,'NULL'),(688,'AAL@NASDAQ','AAL','2017-05-19 14:26:00.0000',45.215,45.22,45.205,45.21,4267,'NULL'),(689,'AAL@NASDAQ','AAL','2017-05-19 14:27:00.0000',45.24,45.25,45.22,45.22,9450,'NULL'),(690,'AAL@NASDAQ','AAL','2017-05-19 14:28:00.0000',45.21,45.25,45.21,45.245,8728,'NULL'),(691,'AAL@NASDAQ','AAL','2017-05-19 14:29:00.0000',45.22,45.22,45.2,45.21,4000,'NULL'),(692,'AAL@NASDAQ','AAL','2017-05-19 14:30:00.0000',45.21,45.22,45.2,45.22,9990,'NULL'),(693,'AAL@NASDAQ','AAL','2017-05-19 14:31:00.0000',45.215,45.22,45.2,45.215,6330,'NULL'),(694,'AAL@NASDAQ','AAL','2017-05-19 14:32:00.0000',45.17,45.23,45.17,45.22,10518,'NULL'),(695,'AAL@NASDAQ','AAL','2017-05-19 14:33:00.0000',45.21,45.21,45.17,45.17,12762,'NULL'),(696,'AAL@NASDAQ','AAL','2017-05-19 14:34:00.0000',45.225,45.23,45.21,45.22,14287,'NULL'),(697,'AAL@NASDAQ','AAL','2017-05-19 14:35:00.0000',45.23,45.24,45.22,45.23,8236,'NULL'),(698,'AAL@NASDAQ','AAL','2017-05-19 14:36:00.0000',45.2,45.23,45.2,45.23,8613,'NULL'),(699,'AAL@NASDAQ','AAL','2017-05-19 14:37:00.0000',45.19,45.225,45.18,45.2,10593,'NULL'),(700,'AAL@NASDAQ','AAL','2017-05-19 14:38:00.0000',45.2,45.2,45.19,45.19,1052,'NULL'),(701,'AAL@NASDAQ','AAL','2017-05-19 14:39:00.0000',45.18,45.2,45.17,45.195,24502,'NULL'),(702,'AAL@NASDAQ','AAL','2017-05-19 14:40:00.0000',45.22,45.22,45.18,45.18,10328,'NULL'),(703,'AAL@NASDAQ','AAL','2017-05-19 14:41:00.0000',45.26,45.29,45.22,45.23,51587,'NULL'),(704,'AAL@NASDAQ','AAL','2017-05-19 14:42:00.0000',45.22,45.25,45.215,45.25,6000,'NULL'),(705,'AAL@NASDAQ','AAL','2017-05-19 14:43:00.0000',45.22,45.2225,45.215,45.215,3090,'NULL'),(706,'AAL@NASDAQ','AAL','2017-05-19 14:44:00.0000',45.2501,45.26,45.2166,45.22,11467,'NULL'),(707,'AAL@NASDAQ','AAL','2017-05-19 14:45:00.0000',45.24,45.275,45.2,45.26,10489,'NULL'),(708,'AAL@NASDAQ','AAL','2017-05-19 14:46:00.0000',45.22,45.24,45.21,45.23,10780,'NULL'),(709,'AAL@NASDAQ','AAL','2017-05-19 14:47:00.0000',45.2,45.22,45.2,45.22,3067,'NULL'),(710,'AAL@NASDAQ','AAL','2017-05-19 14:48:00.0000',45.2,45.205,45.19,45.205,4870,'NULL'),(711,'AAL@NASDAQ','AAL','2017-05-19 14:49:00.0000',45.195,45.2,45.18,45.195,16768,'NULL'),(712,'AAL@NASDAQ','AAL','2017-05-19 14:50:00.0000',45.17,45.21,45.17,45.195,9900,'NULL'),(713,'AAL@NASDAQ','AAL','2017-05-19 14:51:00.0000',45.185,45.2,45.18,45.18,4847,'NULL'),(714,'AAL@NASDAQ','AAL','2017-05-19 14:52:00.0000',45.23,45.26,45.18,45.18,30493,'NULL'),(715,'AAL@NASDAQ','AAL','2017-05-19 14:53:00.0000',45.2,45.235,45.2,45.23,7492,'NULL'),(716,'AAL@NASDAQ','AAL','2017-05-19 14:54:00.0000',45.22,45.23,45.18,45.205,11548,'NULL'),(717,'AAL@NASDAQ','AAL','2017-05-19 14:55:00.0000',45.2,45.225,45.2,45.225,4645,'NULL'),(718,'AAL@NASDAQ','AAL','2017-05-19 14:56:00.0000',45.245,45.25,45.2,45.205,31420,'NULL'),(719,'AAL@NASDAQ','AAL','2017-05-19 14:57:00.0000',45.25,45.26,45.23,45.245,14070,'NULL'),(720,'AAL@NASDAQ','AAL','2017-05-19 14:58:00.0000',45.26,45.28,45.26,45.26,11200,'NULL'),(721,'AAL@NASDAQ','AAL','2017-05-19 14:59:00.0000',45.2425,45.265,45.23,45.265,11000,'NULL'),(722,'AAL@NASDAQ','AAL','2017-05-19 15:00:00.0000',45.215,45.25,45.215,45.245,10782,'NULL'),(723,'AAL@NASDAQ','AAL','2017-05-19 15:01:00.0000',45.21,45.235,45.21,45.215,8505,'NULL'),(724,'AAL@NASDAQ','AAL','2017-05-19 15:02:00.0000',45.2,45.23,45.18,45.21,14242,'NULL'),(725,'AAL@NASDAQ','AAL','2017-05-19 15:03:00.0000',45.215,45.225,45.205,45.21,5055,'NULL'),(726,'AAL@NASDAQ','AAL','2017-05-19 15:04:00.0000',45.19,45.21,45.18,45.21,11684,'NULL'),(727,'AAL@NASDAQ','AAL','2017-05-19 15:05:00.0000',45.19,45.21,45.18,45.19,9043,'NULL'),(728,'AAL@NASDAQ','AAL','2017-05-19 15:06:00.0000',45.16,45.2,45.16,45.19,14974,'NULL'),(729,'AAL@NASDAQ','AAL','2017-05-19 15:07:00.0000',45.16,45.17,45.13,45.17,38017,'NULL'),(730,'AAL@NASDAQ','AAL','2017-05-19 15:08:00.0000',45.19,45.2,45.16,45.16,28068,'NULL'),(731,'AAL@NASDAQ','AAL','2017-05-19 15:09:00.0000',45.19,45.2,45.17,45.18,7063,'NULL'),(732,'AAL@NASDAQ','AAL','2017-05-19 15:10:00.0000',45.11,45.2,45.1,45.19,29465,'NULL'),(733,'AAL@NASDAQ','AAL','2017-05-19 15:11:00.0000',45.1337,45.16,45.1001,45.11,15308,'NULL'),(734,'AAL@NASDAQ','AAL','2017-05-19 15:12:00.0000',45.11,45.145,45.09,45.14,35921,'NULL'),(735,'AAL@NASDAQ','AAL','2017-05-19 15:13:00.0000',45.15,45.16,45.1,45.115,9471,'NULL'),(736,'AAL@NASDAQ','AAL','2017-05-19 15:14:00.0000',45.17,45.185,45.145,45.145,11582,'NULL'),(737,'AAL@NASDAQ','AAL','2017-05-19 15:15:00.0000',45.18,45.19,45.15,45.165,13107,'NULL'),(738,'AAL@NASDAQ','AAL','2017-05-19 15:16:00.0000',45.21,45.215,45.18,45.1832,8403,'NULL'),(739,'AAL@NASDAQ','AAL','2017-05-19 15:17:00.0000',45.24,45.24,45.2,45.2,10900,'NULL'),(740,'AAL@NASDAQ','AAL','2017-05-19 15:18:00.0000',45.23,45.265,45.23,45.25,21390,'NULL'),(741,'AAL@NASDAQ','AAL','2017-05-19 15:19:00.0000',45.201,45.23,45.201,45.23,3800,'NULL'),(742,'AAL@NASDAQ','AAL','2017-05-19 15:20:00.0000',45.215,45.22,45.19,45.21,9956,'NULL'),(743,'AAL@NASDAQ','AAL','2017-05-19 15:21:00.0000',45.209,45.24,45.209,45.22,7848,'NULL'),(744,'AAL@NASDAQ','AAL','2017-05-19 15:22:00.0000',45.1644,45.22,45.1644,45.2,25300,'NULL'),(745,'AAL@NASDAQ','AAL','2017-05-19 15:23:00.0000',45.19,45.21,45.15,45.165,22288,'NULL'),(746,'AAL@NASDAQ','AAL','2017-05-19 15:24:00.0000',45.22,45.22,45.19,45.19,2720,'NULL'),(747,'AAL@NASDAQ','AAL','2017-05-19 15:25:00.0000',45.215,45.23,45.19,45.21,35321,'NULL'),(748,'AAL@NASDAQ','AAL','2017-05-19 15:26:00.0000',45.23,45.23,45.2046,45.2046,12733,'NULL'),(749,'AAL@NASDAQ','AAL','2017-05-19 15:27:00.0000',45.26,45.26,45.23,45.23,25872,'NULL'),(750,'AAL@NASDAQ','AAL','2017-05-19 15:28:00.0000',45.25,45.28,45.25,45.27,9901,'NULL'),(751,'AAL@NASDAQ','AAL','2017-05-19 15:29:00.0000',45.25,45.26,45.24,45.255,37835,'NULL'),(752,'AAL@NASDAQ','AAL','2017-05-19 15:30:00.0000',45.245,45.275,45.24,45.25,54553,'NULL'),(753,'AAL@NASDAQ','AAL','2017-05-19 15:31:00.0000',45.27,45.28,45.24,45.25,37257,'NULL'),(754,'AAL@NASDAQ','AAL','2017-05-19 15:32:00.0000',45.26,45.29,45.26,45.27,28870,'NULL'),(755,'AAL@NASDAQ','AAL','2017-05-19 15:33:00.0000',45.28,45.285,45.26,45.265,12851,'NULL'),(756,'AAL@NASDAQ','AAL','2017-05-19 15:34:00.0000',45.28,45.28,45.255,45.27,15812,'NULL'),(757,'AAL@NASDAQ','AAL','2017-05-19 15:35:00.0000',45.31,45.32,45.275,45.28,48416,'NULL'),(758,'AAL@NASDAQ','AAL','2017-05-19 15:36:00.0000',45.275,45.305,45.26,45.3,15536,'NULL'),(759,'AAL@NASDAQ','AAL','2017-05-19 15:37:00.0000',45.25,45.285,45.25,45.27,17471,'NULL'),(760,'AAL@NASDAQ','AAL','2017-05-19 15:38:00.0000',45.24,45.26,45.23,45.255,10912,'NULL'),(761,'AAL@NASDAQ','AAL','2017-05-19 15:39:00.0000',45.28,45.29,45.23,45.245,18518,'NULL'),(762,'AAL@NASDAQ','AAL','2017-05-19 15:40:00.0000',45.3,45.32,45.28,45.285,25421,'NULL'),(763,'AAL@NASDAQ','AAL','2017-05-19 15:41:00.0000',45.315,45.3399,45.3,45.3,26889,'NULL'),(764,'AAL@NASDAQ','AAL','2017-05-19 15:42:00.0000',45.33,45.35,45.315,45.315,20407,'NULL'),(765,'AAL@NASDAQ','AAL','2017-05-19 15:43:00.0000',45.29,45.335,45.275,45.3337,23680,'NULL'),(766,'AAL@NASDAQ','AAL','2017-05-19 15:44:00.0000',45.25,45.285,45.24,45.285,31122,'NULL'),(767,'AAL@NASDAQ','AAL','2017-05-19 15:45:00.0000',45.245,45.25,45.23,45.25,24852,'NULL'),(768,'AAL@NASDAQ','AAL','2017-05-19 15:46:00.0000',45.22,45.25,45.22,45.24,18585,'NULL'),(769,'AAL@NASDAQ','AAL','2017-05-19 15:47:00.0000',45.205,45.23,45.195,45.215,32304,'NULL'),(770,'AAL@NASDAQ','AAL','2017-05-19 15:48:00.0000',45.22,45.22,45.2,45.205,28740,'NULL'),(771,'AAL@NASDAQ','AAL','2017-05-19 15:49:00.0000',45.245,45.26,45.215,45.22,32633,'NULL'),(772,'AAL@NASDAQ','AAL','2017-05-19 15:50:00.0000',45.26,45.26,45.24,45.245,46519,'NULL'),(773,'AAL@NASDAQ','AAL','2017-05-19 15:51:00.0000',45.265,45.279,45.25,45.25,32883,'NULL'),(774,'AAL@NASDAQ','AAL','2017-05-19 15:52:00.0000',45.26,45.27,45.24,45.27,33977,'NULL'),(775,'AAL@NASDAQ','AAL','2017-05-19 15:53:00.0000',45.275,45.28,45.25,45.26,54896,'NULL'),(776,'AAL@NASDAQ','AAL','2017-05-19 15:54:00.0000',45.255,45.28,45.25,45.28,49173,'NULL'),(777,'AAL@NASDAQ','AAL','2017-05-19 15:55:00.0000',45.25,45.285,45.25,45.25,39563,'NULL'),(778,'AAL@NASDAQ','AAL','2017-05-19 15:56:00.0000',45.215,45.255,45.2,45.255,34329,'NULL'),(779,'AAL@NASDAQ','AAL','2017-05-19 15:57:00.0000',45.22,45.24,45.21,45.22,27805,'NULL'),(780,'AAL@NASDAQ','AAL','2017-05-19 15:58:00.0000',45.21,45.245,45.21,45.22,72932,'NULL'),(781,'AAL@NASDAQ','AAL','2017-05-19 15:59:00.0000',45.225,45.24,45.2,45.215,75829,'NULL'),(782,'AAL@NASDAQ','AAL','2017-05-19 16:00:00.0000',45.22,45.25,45.2,45.225,367821,'NULL'),(783,'AAPL@NASDAQ','AAPL','2010-10-11 09:50:00.0000',295.45,295.89,295,295.83,369892,'auto incr md_id');
/*!40000 ALTER TABLE `market_data` ENABLE KEYS */;
UNLOCK TABLES;

--
-- Table structure for table `persistent_logins`
--

DROP TABLE IF EXISTS `persistent_logins`;
/*!40101 SET @saved_cs_client     = @@character_set_client */;
/*!40101 SET character_set_client = utf8 */;
CREATE TABLE `persistent_logins` (
  `account_id` int(10) unsigned NOT NULL,
  `token` varchar(64) NOT NULL,
  `account_name` varchar(64) NOT NULL,
  `series` varchar(64) NOT NULL,
  `last_used` timestamp(2) NOT NULL DEFAULT CURRENT_TIMESTAMP(2) ON UPDATE CURRENT_TIMESTAMP(2),
  `username` varchar(255) DEFAULT NULL,
  PRIMARY KEY (`series`),
  KEY `fk_persistent_logins_Account1_idx` (`account_id`),
  CONSTRAINT `fk_persistent_logins_Account1` FOREIGN KEY (`account_id`) REFERENCES `account` (`account_id`) ON DELETE CASCADE ON UPDATE CASCADE
) ENGINE=InnoDB DEFAULT CHARSET=utf8;
/*!40101 SET character_set_client = @saved_cs_client */;

--
-- Dumping data for table `persistent_logins`
--

LOCK TABLES `persistent_logins` WRITE;
/*!40000 ALTER TABLE `persistent_logins` DISABLE KEYS */;
/*!40000 ALTER TABLE `persistent_logins` ENABLE KEYS */;
UNLOCK TABLES;

--
-- Table structure for table `user_roles`
--

DROP TABLE IF EXISTS `user_roles`;
/*!40101 SET @saved_cs_client     = @@character_set_client */;
/*!40101 SET character_set_client = utf8 */;
CREATE TABLE `user_roles` (
  `account_id_fk` int(10) unsigned NOT NULL,
  `account_name` varchar(64) NOT NULL,
  `role` varchar(64) DEFAULT NULL,
  `AppUser_account_Id` bigint(20) NOT NULL,
  `roles_code` varchar(255) NOT NULL,
  PRIMARY KEY (`account_id_fk`),
  UNIQUE KEY `username_UNIQUE` (`account_name`),
  KEY `fk_user_roles_Account1_idx` (`account_id_fk`),
  CONSTRAINT `fk_user_roles_Account1` FOREIGN KEY (`account_id_fk`) REFERENCES `account` (`account_id`) ON DELETE CASCADE ON UPDATE CASCADE
) ENGINE=InnoDB DEFAULT CHARSET=utf8;
/*!40101 SET character_set_client = @saved_cs_client */;

--
-- Dumping data for table `user_roles`
--

LOCK TABLES `user_roles` WRITE;
/*!40000 ALTER TABLE `user_roles` DISABLE KEYS */;
INSERT INTO `user_roles` VALUES (1,'QuantResearch','ROLE_ADMIN',0,''),(2,'FinBackTesting','ROLE_ADMIN',0,''),(3,'mkyong','ROLE_ADMIN',0,'');
/*!40000 ALTER TABLE `user_roles` ENABLE KEYS */;
UNLOCK TABLES;

--
-- Table structure for table `wl_tickers`
--

DROP TABLE IF EXISTS `wl_tickers`;
/*!40101 SET @saved_cs_client     = @@character_set_client */;
/*!40101 SET character_set_client = utf8 */;
CREATE TABLE `wl_tickers` (
  `instId` varchar(20) NOT NULL,
  `watchlist_id_fk` int(10) unsigned NOT NULL,
  PRIMARY KEY (`instId`,`watchlist_id_fk`),
  KEY `fk_Market_Data_has_Data_Set_Data_Set1_idx` (`watchlist_id_fk`),
  CONSTRAINT `fk_watchlist` FOREIGN KEY (`watchlist_id_fk`) REFERENCES `data_set` (`data_set_id`) ON DELETE CASCADE ON UPDATE CASCADE
) ENGINE=InnoDB DEFAULT CHARSET=utf8;
/*!40101 SET character_set_client = @saved_cs_client */;

--
-- Dumping data for table `wl_tickers`
--

LOCK TABLES `wl_tickers` WRITE;
/*!40000 ALTER TABLE `wl_tickers` DISABLE KEYS */;
INSERT INTO `wl_tickers` VALUES ('AAAP@NASDAQ',1),('AAL@NASDAQ',1),('ABAC@NASDAQ',1),('ACFC@NASDAQ',1),('ACHC@NASDAQ',1),('ACLS@NASDAQ',1),('MS@NYSE',1),('AAOI@NASDAQ',2),('AAON@NASDAQ',2),('AAXJ@NASDAQ',2),('AAXN@NASDAQ',2),('ABAX@NASDAQ',2),('ABCB@NASDAQ',2),('ABCD@NASDAQ',2),('ABCO@NASDAQ',2),('ABDC@NASDAQ',2),('ABIL@NASDAQ',2),('ABIO@NASDAQ',2),('ABMD@NASDAQ',2),('ABTL@NASDAQ',2),('ACET@NASDAQ',2),('ACGLP@NASDAQ',2),('ACIU@NASDAQ',2),('ACIW@NASDAQ',2),('BAC@NYSE',2),('AAME@NASDAQ',3),('ACGL@NASDAQ',3),('ACHN@NASDAQ',3),('ACIA@NASDAQ',3),('C@NYSE',3),('ACAD@NASDAQ',15),('ACBI@NASDAQ',15),('AAPC@NASDAQ',16),('ABTX@NASDAQ',16),('ABUS@NASDAQ',16),('ABY@NASDAQ',16),('AAPL@NASDAQ',17),('AAWW@NASDAQ',18),('ABEO@NASDAQ',19);
/*!40000 ALTER TABLE `wl_tickers` ENABLE KEYS */;
UNLOCK TABLES;
/*!40103 SET TIME_ZONE=@OLD_TIME_ZONE */;

/*!40101 SET SQL_MODE=@OLD_SQL_MODE */;
/*!40014 SET FOREIGN_KEY_CHECKS=@OLD_FOREIGN_KEY_CHECKS */;
/*!40014 SET UNIQUE_CHECKS=@OLD_UNIQUE_CHECKS */;
/*!40101 SET CHARACTER_SET_CLIENT=@OLD_CHARACTER_SET_CLIENT */;
/*!40101 SET CHARACTER_SET_RESULTS=@OLD_CHARACTER_SET_RESULTS */;
/*!40101 SET COLLATION_CONNECTION=@OLD_COLLATION_CONNECTION */;
/*!40111 SET SQL_NOTES=@OLD_SQL_NOTES */;

-- Dump completed on 2017-10-22 19:21:23



